timestamp,layer,status,threat_intelligence,collection_success
2025-07-28T11:30:28.827775+00:00,cloud,"{'data_storage': {'identity_verifications_count': 0, 'processed_data_count': 5, 'threat_reports_count': 0}, 'global_intelligence': {'active_threats': 0, 'threat_summary': {}, 'timestamp': '2025-07-28T11:30:28.822443+00:00', 'total_threats': 0}, 'services': {'identity_verification': {'behavioral_profiles': 1, 'blockchain_ledger_size': 1, 'credential_store_size': 0, 'did_registry_size': 1, 'statistics': {'credentials_issued': 0, 'failed_verifications': 0, 'revoked_credentials': 0, 'successful_verifications': 5, 'total_verifications': 5}, 'trust_levels': ['verified', 'trusted', 'authenticated', 'unverified', 'suspicious'], 'verification_history_size': 5}, 'threat_intelligence': {'active_threats': 0, 'is_trained': False, 'known_indicators': {'attack_signatures': 0, 'malicious_ips': 0, 'suspicious_patterns': 0}, 'threat_categories': ['chaperone_attack', 'identity_spoofing', 'lateral_movement', 'data_exfiltration', 'ddos_attack', 'malware_infection'], 'threat_signatures': 3, 'threat_timeline_size': 0}}, 'statistics': {'data_packets_processed': 5, 'false_positives': 0, 'identities_verified': 5, 'start_time': '2025-07-28T11:30:23.832750+00:00', 'threats_detected': 0}}","{'active_threats': 0, 'threat_summary': {}, 'timestamp': '2025-07-28T11:30:28.826432+00:00', 'total_threats': 0}",True
2025-07-28T11:30:33.858442+00:00,cloud,"{'data_storage': {'identity_verifications_count': 0, 'processed_data_count': 10, 'threat_reports_count': 0}, 'global_intelligence': {'active_threats': 0, 'threat_summary': {}, 'timestamp': '2025-07-28T11:30:33.853395+00:00', 'total_threats': 0}, 'services': {'identity_verification': {'behavioral_profiles': 1, 'blockchain_ledger_size': 1, 'credential_store_size': 0, 'did_registry_size': 1, 'statistics': {'credentials_issued': 0, 'failed_verifications': 0, 'revoked_credentials': 0, 'successful_verifications': 10, 'total_verifications': 10}, 'trust_levels': ['verified', 'trusted', 'authenticated', 'unverified', 'suspicious'], 'verification_history_size': 10}, 'threat_intelligence': {'active_threats': 0, 'is_trained': False, 'known_indicators': {'attack_signatures': 0, 'malicious_ips': 0, 'suspicious_patterns': 0}, 'threat_categories': ['chaperone_attack', 'identity_spoofing', 'lateral_movement', 'data_exfiltration', 'ddos_attack', 'malware_infection'], 'threat_signatures': 3, 'threat_timeline_size': 0}}, 'statistics': {'data_packets_processed': 10, 'false_positives': 0, 'identities_verified': 10, 'start_time': '2025-07-28T11:30:23.832750+00:00', 'threats_detected': 0}}","{'active_threats': 0, 'threat_summary': {}, 'timestamp': '2025-07-28T11:30:33.857076+00:00', 'total_threats': 0}",True
2025-07-28T11:30:38.891058+00:00,cloud,"{'data_storage': {'identity_verifications_count': 0, 'processed_data_count': 15, 'threat_reports_count': 0}, 'global_intelligence': {'active_threats': 0, 'threat_summary': {}, 'timestamp': '2025-07-28T11:30:38.885952+00:00', 'total_threats': 0}, 'services': {'identity_verification': {'behavioral_profiles': 1, 'blockchain_ledger_size': 1, 'credential_store_size': 0, 'did_registry_size': 1, 'statistics': {'credentials_issued': 0, 'failed_verifications': 0, 'revoked_credentials': 0, 'successful_verifications': 15, 'total_verifications': 15}, 'trust_levels': ['verified', 'trusted', 'authenticated', 'unverified', 'suspicious'], 'verification_history_size': 15}, 'threat_intelligence': {'active_threats': 0, 'is_trained': False, 'known_indicators': {'attack_signatures': 0, 'malicious_ips': 0, 'suspicious_patterns': 0}, 'threat_categories': ['chaperone_attack', 'identity_spoofing', 'lateral_movement', 'data_exfiltration', 'ddos_attack', 'malware_infection'], 'threat_signatures': 3, 'threat_timeline_size': 0}}, 'statistics': {'data_packets_processed': 15, 'false_positives': 0, 'identities_verified': 15, 'start_time': '2025-07-28T11:30:23.832750+00:00', 'threats_detected': 0}}","{'active_threats': 0, 'threat_summary': {}, 'timestamp': '2025-07-28T11:30:38.889869+00:00', 'total_threats': 0}",True
2025-07-28T11:30:43.919690+00:00,cloud,"{'data_storage': {'identity_verifications_count': 0, 'processed_data_count': 20, 'threat_reports_count': 0}, 'global_intelligence': {'active_threats': 0, 'threat_summary': {}, 'timestamp': '2025-07-28T11:30:43.914840+00:00', 'total_threats': 0}, 'services': {'identity_verification': {'behavioral_profiles': 1, 'blockchain_ledger_size': 1, 'credential_store_size': 0, 'did_registry_size': 1, 'statistics': {'credentials_issued': 0, 'failed_verifications': 0, 'revoked_credentials': 0, 'successful_verifications': 20, 'total_verifications': 20}, 'trust_levels': ['verified', 'trusted', 'authenticated', 'unverified', 'suspicious'], 'verification_history_size': 20}, 'threat_intelligence': {'active_threats': 0, 'is_trained': False, 'known_indicators': {'attack_signatures': 0, 'malicious_ips': 0, 'suspicious_patterns': 0}, 'threat_categories': ['chaperone_attack', 'identity_spoofing', 'lateral_movement', 'data_exfiltration', 'ddos_attack', 'malware_infection'], 'threat_signatures': 3, 'threat_timeline_size': 0}}, 'statistics': {'data_packets_processed': 20, 'false_positives': 0, 'identities_verified': 20, 'start_time': '2025-07-28T11:30:23.832750+00:00', 'threats_detected': 0}}","{'active_threats': 0, 'threat_summary': {}, 'timestamp': '2025-07-28T11:30:43.918506+00:00', 'total_threats': 0}",True
2025-07-28T11:30:48.954365+00:00,cloud,"{'data_storage': {'identity_verifications_count': 0, 'processed_data_count': 25, 'threat_reports_count': 0}, 'global_intelligence': {'active_threats': 0, 'threat_summary': {}, 'timestamp': '2025-07-28T11:30:48.949370+00:00', 'total_threats': 0}, 'services': {'identity_verification': {'behavioral_profiles': 1, 'blockchain_ledger_size': 1, 'credential_store_size': 0, 'did_registry_size': 1, 'statistics': {'credentials_issued': 0, 'failed_verifications': 0, 'revoked_credentials': 0, 'successful_verifications': 25, 'total_verifications': 25}, 'trust_levels': ['verified', 'trusted', 'authenticated', 'unverified', 'suspicious'], 'verification_history_size': 25}, 'threat_intelligence': {'active_threats': 0, 'is_trained': False, 'known_indicators': {'attack_signatures': 0, 'malicious_ips': 0, 'suspicious_patterns': 0}, 'threat_categories': ['chaperone_attack', 'identity_spoofing', 'lateral_movement', 'data_exfiltration', 'ddos_attack', 'malware_infection'], 'threat_signatures': 3, 'threat_timeline_size': 0}}, 'statistics': {'data_packets_processed': 25, 'false_positives': 0, 'identities_verified': 25, 'start_time': '2025-07-28T11:30:23.832750+00:00', 'threats_detected': 0}}","{'active_threats': 0, 'threat_summary': {}, 'timestamp': '2025-07-28T11:30:48.953292+00:00', 'total_threats': 0}",True
2025-07-28T11:30:53.987282+00:00,cloud,"{'data_storage': {'identity_verifications_count': 0, 'processed_data_count': 30, 'threat_reports_count': 0}, 'global_intelligence': {'active_threats': 0, 'threat_summary': {}, 'timestamp': '2025-07-28T11:30:53.982116+00:00', 'total_threats': 0}, 'services': {'identity_verification': {'behavioral_profiles': 1, 'blockchain_ledger_size': 1, 'credential_store_size': 0, 'did_registry_size': 1, 'statistics': {'credentials_issued': 0, 'failed_verifications': 0, 'revoked_credentials': 0, 'successful_verifications': 30, 'total_verifications': 30}, 'trust_levels': ['verified', 'trusted', 'authenticated', 'unverified', 'suspicious'], 'verification_history_size': 30}, 'threat_intelligence': {'active_threats': 0, 'is_trained': False, 'known_indicators': {'attack_signatures': 0, 'malicious_ips': 0, 'suspicious_patterns': 0}, 'threat_categories': ['chaperone_attack', 'identity_spoofing', 'lateral_movement', 'data_exfiltration', 'ddos_attack', 'malware_infection'], 'threat_signatures': 3, 'threat_timeline_size': 0}}, 'statistics': {'data_packets_processed': 30, 'false_positives': 0, 'identities_verified': 30, 'start_time': '2025-07-28T11:30:23.832750+00:00', 'threats_detected': 0}}","{'active_threats': 0, 'threat_summary': {}, 'timestamp': '2025-07-28T11:30:53.986010+00:00', 'total_threats': 0}",True
2025-07-28T11:30:59.021886+00:00,cloud,"{'data_storage': {'identity_verifications_count': 0, 'processed_data_count': 35, 'threat_reports_count': 0}, 'global_intelligence': {'active_threats': 0, 'threat_summary': {}, 'timestamp': '2025-07-28T11:30:59.016403+00:00', 'total_threats': 0}, 'services': {'identity_verification': {'behavioral_profiles': 1, 'blockchain_ledger_size': 1, 'credential_store_size': 0, 'did_registry_size': 1, 'statistics': {'credentials_issued': 0, 'failed_verifications': 0, 'revoked_credentials': 0, 'successful_verifications': 35, 'total_verifications': 35}, 'trust_levels': ['verified', 'trusted', 'authenticated', 'unverified', 'suspicious'], 'verification_history_size': 35}, 'threat_intelligence': {'active_threats': 0, 'is_trained': False, 'known_indicators': {'attack_signatures': 0, 'malicious_ips': 0, 'suspicious_patterns': 0}, 'threat_categories': ['chaperone_attack', 'identity_spoofing', 'lateral_movement', 'data_exfiltration', 'ddos_attack', 'malware_infection'], 'threat_signatures': 3, 'threat_timeline_size': 0}}, 'statistics': {'data_packets_processed': 35, 'false_positives': 0, 'identities_verified': 35, 'start_time': '2025-07-28T11:30:23.832750+00:00', 'threats_detected': 0}}","{'active_threats': 0, 'threat_summary': {}, 'timestamp': '2025-07-28T11:30:59.020767+00:00', 'total_threats': 0}",True
2025-07-28T11:31:04.055841+00:00,cloud,"{'data_storage': {'identity_verifications_count': 0, 'processed_data_count': 40, 'threat_reports_count': 0}, 'global_intelligence': {'active_threats': 0, 'threat_summary': {}, 'timestamp': '2025-07-28T11:31:04.050052+00:00', 'total_threats': 0}, 'services': {'identity_verification': {'behavioral_profiles': 1, 'blockchain_ledger_size': 1, 'credential_store_size': 0, 'did_registry_size': 1, 'statistics': {'credentials_issued': 0, 'failed_verifications': 0, 'revoked_credentials': 0, 'successful_verifications': 40, 'total_verifications': 40}, 'trust_levels': ['verified', 'trusted', 'authenticated', 'unverified', 'suspicious'], 'verification_history_size': 40}, 'threat_intelligence': {'active_threats': 0, 'is_trained': False, 'known_indicators': {'attack_signatures': 0, 'malicious_ips': 0, 'suspicious_patterns': 0}, 'threat_categories': ['chaperone_attack', 'identity_spoofing', 'lateral_movement', 'data_exfiltration', 'ddos_attack', 'malware_infection'], 'threat_signatures': 3, 'threat_timeline_size': 0}}, 'statistics': {'data_packets_processed': 40, 'false_positives': 0, 'identities_verified': 40, 'start_time': '2025-07-28T11:30:23.832750+00:00', 'threats_detected': 0}}","{'active_threats': 0, 'threat_summary': {}, 'timestamp': '2025-07-28T11:31:04.054458+00:00', 'total_threats': 0}",True
2025-07-28T11:31:09.092843+00:00,cloud,"{'data_storage': {'identity_verifications_count': 0, 'processed_data_count': 45, 'threat_reports_count': 0}, 'global_intelligence': {'active_threats': 0, 'threat_summary': {}, 'timestamp': '2025-07-28T11:31:09.087013+00:00', 'total_threats': 0}, 'services': {'identity_verification': {'behavioral_profiles': 1, 'blockchain_ledger_size': 1, 'credential_store_size': 0, 'did_registry_size': 1, 'statistics': {'credentials_issued': 0, 'failed_verifications': 0, 'revoked_credentials': 0, 'successful_verifications': 45, 'total_verifications': 45}, 'trust_levels': ['verified', 'trusted', 'authenticated', 'unverified', 'suspicious'], 'verification_history_size': 45}, 'threat_intelligence': {'active_threats': 0, 'is_trained': False, 'known_indicators': {'attack_signatures': 0, 'malicious_ips': 0, 'suspicious_patterns': 0}, 'threat_categories': ['chaperone_attack', 'identity_spoofing', 'lateral_movement', 'data_exfiltration', 'ddos_attack', 'malware_infection'], 'threat_signatures': 3, 'threat_timeline_size': 0}}, 'statistics': {'data_packets_processed': 45, 'false_positives': 0, 'identities_verified': 45, 'start_time': '2025-07-28T11:30:23.832750+00:00', 'threats_detected': 0}}","{'active_threats': 0, 'threat_summary': {}, 'timestamp': '2025-07-28T11:31:09.091720+00:00', 'total_threats': 0}",True
2025-07-28T11:31:14.120857+00:00,cloud,"{'data_storage': {'identity_verifications_count': 0, 'processed_data_count': 50, 'threat_reports_count': 0}, 'global_intelligence': {'active_threats': 0, 'threat_summary': {}, 'timestamp': '2025-07-28T11:31:14.114688+00:00', 'total_threats': 0}, 'services': {'identity_verification': {'behavioral_profiles': 1, 'blockchain_ledger_size': 1, 'credential_store_size': 0, 'did_registry_size': 1, 'statistics': {'credentials_issued': 0, 'failed_verifications': 0, 'revoked_credentials': 0, 'successful_verifications': 50, 'total_verifications': 50}, 'trust_levels': ['verified', 'trusted', 'authenticated', 'unverified', 'suspicious'], 'verification_history_size': 50}, 'threat_intelligence': {'active_threats': 0, 'is_trained': False, 'known_indicators': {'attack_signatures': 0, 'malicious_ips': 0, 'suspicious_patterns': 0}, 'threat_categories': ['chaperone_attack', 'identity_spoofing', 'lateral_movement', 'data_exfiltration', 'ddos_attack', 'malware_infection'], 'threat_signatures': 3, 'threat_timeline_size': 0}}, 'statistics': {'data_packets_processed': 50, 'false_positives': 0, 'identities_verified': 50, 'start_time': '2025-07-28T11:30:23.832750+00:00', 'threats_detected': 0}}","{'active_threats': 0, 'threat_summary': {}, 'timestamp': '2025-07-28T11:31:14.119358+00:00', 'total_threats': 0}",True
2025-07-28T11:31:19.159313+00:00,cloud,"{'data_storage': {'identity_verifications_count': 0, 'processed_data_count': 54, 'threat_reports_count': 0}, 'global_intelligence': {'active_threats': 0, 'threat_summary': {}, 'timestamp': '2025-07-28T11:31:19.152757+00:00', 'total_threats': 0}, 'services': {'identity_verification': {'behavioral_profiles': 1, 'blockchain_ledger_size': 1, 'credential_store_size': 0, 'did_registry_size': 1, 'statistics': {'credentials_issued': 0, 'failed_verifications': 0, 'revoked_credentials': 0, 'successful_verifications': 54, 'total_verifications': 54}, 'trust_levels': ['verified', 'trusted', 'authenticated', 'unverified', 'suspicious'], 'verification_history_size': 54}, 'threat_intelligence': {'active_threats': 0, 'is_trained': False, 'known_indicators': {'attack_signatures': 0, 'malicious_ips': 0, 'suspicious_patterns': 0}, 'threat_categories': ['chaperone_attack', 'identity_spoofing', 'lateral_movement', 'data_exfiltration', 'ddos_attack', 'malware_infection'], 'threat_signatures': 3, 'threat_timeline_size': 0}}, 'statistics': {'data_packets_processed': 54, 'false_positives': 0, 'identities_verified': 54, 'start_time': '2025-07-28T11:30:23.832750+00:00', 'threats_detected': 0}}","{'active_threats': 0, 'threat_summary': {}, 'timestamp': '2025-07-28T11:31:19.157855+00:00', 'total_threats': 0}",True
2025-07-28T11:31:24.206734+00:00,cloud,"{'data_storage': {'identity_verifications_count': 0, 'processed_data_count': 59, 'threat_reports_count': 0}, 'global_intelligence': {'active_threats': 0, 'threat_summary': {}, 'timestamp': '2025-07-28T11:31:24.198047+00:00', 'total_threats': 0}, 'services': {'identity_verification': {'behavioral_profiles': 1, 'blockchain_ledger_size': 1, 'credential_store_size': 0, 'did_registry_size': 1, 'statistics': {'credentials_issued': 0, 'failed_verifications': 0, 'revoked_credentials': 0, 'successful_verifications': 59, 'total_verifications': 59}, 'trust_levels': ['verified', 'trusted', 'authenticated', 'unverified', 'suspicious'], 'verification_history_size': 59}, 'threat_intelligence': {'active_threats': 0, 'is_trained': False, 'known_indicators': {'attack_signatures': 0, 'malicious_ips': 0, 'suspicious_patterns': 0}, 'threat_categories': ['chaperone_attack', 'identity_spoofing', 'lateral_movement', 'data_exfiltration', 'ddos_attack', 'malware_infection'], 'threat_signatures': 3, 'threat_timeline_size': 0}}, 'statistics': {'data_packets_processed': 59, 'false_positives': 0, 'identities_verified': 59, 'start_time': '2025-07-28T11:30:23.832750+00:00', 'threats_detected': 0}}","{'active_threats': 0, 'threat_summary': {}, 'timestamp': '2025-07-28T11:31:24.204908+00:00', 'total_threats': 0}",True
2025-07-28T11:31:29.242038+00:00,cloud,"{'data_storage': {'identity_verifications_count': 0, 'processed_data_count': 64, 'threat_reports_count': 0}, 'global_intelligence': {'active_threats': 0, 'threat_summary': {}, 'timestamp': '2025-07-28T11:31:29.237217+00:00', 'total_threats': 0}, 'services': {'identity_verification': {'behavioral_profiles': 1, 'blockchain_ledger_size': 1, 'credential_store_size': 0, 'did_registry_size': 1, 'statistics': {'credentials_issued': 0, 'failed_verifications': 0, 'revoked_credentials': 0, 'successful_verifications': 64, 'total_verifications': 64}, 'trust_levels': ['verified', 'trusted', 'authenticated', 'unverified', 'suspicious'], 'verification_history_size': 64}, 'threat_intelligence': {'active_threats': 0, 'is_trained': False, 'known_indicators': {'attack_signatures': 0, 'malicious_ips': 0, 'suspicious_patterns': 0}, 'threat_categories': ['chaperone_attack', 'identity_spoofing', 'lateral_movement', 'data_exfiltration', 'ddos_attack', 'malware_infection'], 'threat_signatures': 3, 'threat_timeline_size': 0}}, 'statistics': {'data_packets_processed': 64, 'false_positives': 0, 'identities_verified': 64, 'start_time': '2025-07-28T11:30:23.832750+00:00', 'threats_detected': 0}}","{'active_threats': 0, 'threat_summary': {}, 'timestamp': '2025-07-28T11:31:29.240954+00:00', 'total_threats': 0}",True
2025-07-28T11:31:34.277048+00:00,cloud,"{'data_storage': {'identity_verifications_count': 0, 'processed_data_count': 69, 'threat_reports_count': 0}, 'global_intelligence': {'active_threats': 0, 'threat_summary': {}, 'timestamp': '2025-07-28T11:31:34.268653+00:00', 'total_threats': 0}, 'services': {'identity_verification': {'behavioral_profiles': 1, 'blockchain_ledger_size': 1, 'credential_store_size': 0, 'did_registry_size': 1, 'statistics': {'credentials_issued': 0, 'failed_verifications': 0, 'revoked_credentials': 0, 'successful_verifications': 69, 'total_verifications': 69}, 'trust_levels': ['verified', 'trusted', 'authenticated', 'unverified', 'suspicious'], 'verification_history_size': 69}, 'threat_intelligence': {'active_threats': 0, 'is_trained': False, 'known_indicators': {'attack_signatures': 0, 'malicious_ips': 0, 'suspicious_patterns': 0}, 'threat_categories': ['chaperone_attack', 'identity_spoofing', 'lateral_movement', 'data_exfiltration', 'ddos_attack', 'malware_infection'], 'threat_signatures': 3, 'threat_timeline_size': 0}}, 'statistics': {'data_packets_processed': 69, 'false_positives': 0, 'identities_verified': 69, 'start_time': '2025-07-28T11:30:23.832750+00:00', 'threats_detected': 0}}","{'active_threats': 0, 'threat_summary': {}, 'timestamp': '2025-07-28T11:31:34.275007+00:00', 'total_threats': 0}",True
2025-07-28T11:31:39.308903+00:00,cloud,"{'data_storage': {'identity_verifications_count': 0, 'processed_data_count': 74, 'threat_reports_count': 0}, 'global_intelligence': {'active_threats': 0, 'threat_summary': {}, 'timestamp': '2025-07-28T11:31:39.303693+00:00', 'total_threats': 0}, 'services': {'identity_verification': {'behavioral_profiles': 1, 'blockchain_ledger_size': 1, 'credential_store_size': 0, 'did_registry_size': 1, 'statistics': {'credentials_issued': 0, 'failed_verifications': 0, 'revoked_credentials': 0, 'successful_verifications': 74, 'total_verifications': 74}, 'trust_levels': ['verified', 'trusted', 'authenticated', 'unverified', 'suspicious'], 'verification_history_size': 74}, 'threat_intelligence': {'active_threats': 0, 'is_trained': False, 'known_indicators': {'attack_signatures': 0, 'malicious_ips': 0, 'suspicious_patterns': 0}, 'threat_categories': ['chaperone_attack', 'identity_spoofing', 'lateral_movement', 'data_exfiltration', 'ddos_attack', 'malware_infection'], 'threat_signatures': 3, 'threat_timeline_size': 0}}, 'statistics': {'data_packets_processed': 74, 'false_positives': 0, 'identities_verified': 74, 'start_time': '2025-07-28T11:30:23.832750+00:00', 'threats_detected': 0}}","{'active_threats': 0, 'threat_summary': {}, 'timestamp': '2025-07-28T11:31:39.307526+00:00', 'total_threats': 0}",True
2025-07-28T11:31:44.368111+00:00,cloud,"{'data_storage': {'identity_verifications_count': 0, 'processed_data_count': 79, 'threat_reports_count': 0}, 'global_intelligence': {'active_threats': 0, 'threat_summary': {}, 'timestamp': '2025-07-28T11:31:44.351735+00:00', 'total_threats': 0}, 'services': {'identity_verification': {'behavioral_profiles': 1, 'blockchain_ledger_size': 1, 'credential_store_size': 0, 'did_registry_size': 1, 'statistics': {'credentials_issued': 0, 'failed_verifications': 0, 'revoked_credentials': 0, 'successful_verifications': 79, 'total_verifications': 79}, 'trust_levels': ['verified', 'trusted', 'authenticated', 'unverified', 'suspicious'], 'verification_history_size': 79}, 'threat_intelligence': {'active_threats': 0, 'is_trained': False, 'known_indicators': {'attack_signatures': 0, 'malicious_ips': 0, 'suspicious_patterns': 0}, 'threat_categories': ['chaperone_attack', 'identity_spoofing', 'lateral_movement', 'data_exfiltration', 'ddos_attack', 'malware_infection'], 'threat_signatures': 3, 'threat_timeline_size': 0}}, 'statistics': {'data_packets_processed': 79, 'false_positives': 0, 'identities_verified': 79, 'start_time': '2025-07-28T11:30:23.832750+00:00', 'threats_detected': 0}}","{'active_threats': 0, 'threat_summary': {}, 'timestamp': '2025-07-28T11:31:44.365098+00:00', 'total_threats': 0}",True
2025-07-28T11:31:49.400911+00:00,cloud,"{'data_storage': {'identity_verifications_count': 0, 'processed_data_count': 84, 'threat_reports_count': 0}, 'global_intelligence': {'active_threats': 0, 'threat_summary': {}, 'timestamp': '2025-07-28T11:31:49.395538+00:00', 'total_threats': 0}, 'services': {'identity_verification': {'behavioral_profiles': 1, 'blockchain_ledger_size': 1, 'credential_store_size': 0, 'did_registry_size': 1, 'statistics': {'credentials_issued': 0, 'failed_verifications': 0, 'revoked_credentials': 0, 'successful_verifications': 84, 'total_verifications': 84}, 'trust_levels': ['verified', 'trusted', 'authenticated', 'unverified', 'suspicious'], 'verification_history_size': 84}, 'threat_intelligence': {'active_threats': 0, 'is_trained': False, 'known_indicators': {'attack_signatures': 0, 'malicious_ips': 0, 'suspicious_patterns': 0}, 'threat_categories': ['chaperone_attack', 'identity_spoofing', 'lateral_movement', 'data_exfiltration', 'ddos_attack', 'malware_infection'], 'threat_signatures': 3, 'threat_timeline_size': 0}}, 'statistics': {'data_packets_processed': 84, 'false_positives': 0, 'identities_verified': 84, 'start_time': '2025-07-28T11:30:23.832750+00:00', 'threats_detected': 0}}","{'active_threats': 0, 'threat_summary': {}, 'timestamp': '2025-07-28T11:31:49.399692+00:00', 'total_threats': 0}",True
2025-07-28T11:31:54.449490+00:00,cloud,"{'data_storage': {'identity_verifications_count': 0, 'processed_data_count': 89, 'threat_reports_count': 0}, 'global_intelligence': {'active_threats': 0, 'threat_summary': {}, 'timestamp': '2025-07-28T11:31:54.441891+00:00', 'total_threats': 0}, 'services': {'identity_verification': {'behavioral_profiles': 1, 'blockchain_ledger_size': 1, 'credential_store_size': 0, 'did_registry_size': 1, 'statistics': {'credentials_issued': 0, 'failed_verifications': 0, 'revoked_credentials': 0, 'successful_verifications': 89, 'total_verifications': 89}, 'trust_levels': ['verified', 'trusted', 'authenticated', 'unverified', 'suspicious'], 'verification_history_size': 89}, 'threat_intelligence': {'active_threats': 0, 'is_trained': False, 'known_indicators': {'attack_signatures': 0, 'malicious_ips': 0, 'suspicious_patterns': 0}, 'threat_categories': ['chaperone_attack', 'identity_spoofing', 'lateral_movement', 'data_exfiltration', 'ddos_attack', 'malware_infection'], 'threat_signatures': 3, 'threat_timeline_size': 0}}, 'statistics': {'data_packets_processed': 89, 'false_positives': 0, 'identities_verified': 89, 'start_time': '2025-07-28T11:30:23.832750+00:00', 'threats_detected': 0}}","{'active_threats': 0, 'threat_summary': {}, 'timestamp': '2025-07-28T11:31:54.447691+00:00', 'total_threats': 0}",True
2025-07-28T11:31:59.482310+00:00,cloud,"{'data_storage': {'identity_verifications_count': 0, 'processed_data_count': 94, 'threat_reports_count': 0}, 'global_intelligence': {'active_threats': 0, 'threat_summary': {}, 'timestamp': '2025-07-28T11:31:59.476974+00:00', 'total_threats': 0}, 'services': {'identity_verification': {'behavioral_profiles': 1, 'blockchain_ledger_size': 1, 'credential_store_size': 0, 'did_registry_size': 1, 'statistics': {'credentials_issued': 0, 'failed_verifications': 0, 'revoked_credentials': 0, 'successful_verifications': 94, 'total_verifications': 94}, 'trust_levels': ['verified', 'trusted', 'authenticated', 'unverified', 'suspicious'], 'verification_history_size': 94}, 'threat_intelligence': {'active_threats': 0, 'is_trained': False, 'known_indicators': {'attack_signatures': 0, 'malicious_ips': 0, 'suspicious_patterns': 0}, 'threat_categories': ['chaperone_attack', 'identity_spoofing', 'lateral_movement', 'data_exfiltration', 'ddos_attack', 'malware_infection'], 'threat_signatures': 3, 'threat_timeline_size': 0}}, 'statistics': {'data_packets_processed': 94, 'false_positives': 0, 'identities_verified': 94, 'start_time': '2025-07-28T11:30:23.832750+00:00', 'threats_detected': 0}}","{'active_threats': 0, 'threat_summary': {}, 'timestamp': '2025-07-28T11:31:59.481059+00:00', 'total_threats': 0}",True
2025-07-28T11:32:04.514555+00:00,cloud,"{'data_storage': {'identity_verifications_count': 0, 'processed_data_count': 99, 'threat_reports_count': 0}, 'global_intelligence': {'active_threats': 0, 'threat_summary': {}, 'timestamp': '2025-07-28T11:32:04.509507+00:00', 'total_threats': 0}, 'services': {'identity_verification': {'behavioral_profiles': 1, 'blockchain_ledger_size': 1, 'credential_store_size': 0, 'did_registry_size': 1, 'statistics': {'credentials_issued': 0, 'failed_verifications': 0, 'revoked_credentials': 0, 'successful_verifications': 99, 'total_verifications': 99}, 'trust_levels': ['verified', 'trusted', 'authenticated', 'unverified', 'suspicious'], 'verification_history_size': 99}, 'threat_intelligence': {'active_threats': 0, 'is_trained': False, 'known_indicators': {'attack_signatures': 0, 'malicious_ips': 0, 'suspicious_patterns': 0}, 'threat_categories': ['chaperone_attack', 'identity_spoofing', 'lateral_movement', 'data_exfiltration', 'ddos_attack', 'malware_infection'], 'threat_signatures': 3, 'threat_timeline_size': 0}}, 'statistics': {'data_packets_processed': 99, 'false_positives': 0, 'identities_verified': 99, 'start_time': '2025-07-28T11:30:23.832750+00:00', 'threats_detected': 0}}","{'active_threats': 0, 'threat_summary': {}, 'timestamp': '2025-07-28T11:32:04.513347+00:00', 'total_threats': 0}",True
2025-07-28T11:32:09.546169+00:00,cloud,"{'data_storage': {'identity_verifications_count': 0, 'processed_data_count': 104, 'threat_reports_count': 0}, 'global_intelligence': {'active_threats': 0, 'threat_summary': {}, 'timestamp': '2025-07-28T11:32:09.540944+00:00', 'total_threats': 0}, 'services': {'identity_verification': {'behavioral_profiles': 1, 'blockchain_ledger_size': 1, 'credential_store_size': 0, 'did_registry_size': 1, 'statistics': {'credentials_issued': 0, 'failed_verifications': 0, 'revoked_credentials': 0, 'successful_verifications': 104, 'total_verifications': 104}, 'trust_levels': ['verified', 'trusted', 'authenticated', 'unverified', 'suspicious'], 'verification_history_size': 104}, 'threat_intelligence': {'active_threats': 0, 'is_trained': False, 'known_indicators': {'attack_signatures': 0, 'malicious_ips': 0, 'suspicious_patterns': 0}, 'threat_categories': ['chaperone_attack', 'identity_spoofing', 'lateral_movement', 'data_exfiltration', 'ddos_attack', 'malware_infection'], 'threat_signatures': 3, 'threat_timeline_size': 0}}, 'statistics': {'data_packets_processed': 104, 'false_positives': 0, 'identities_verified': 104, 'start_time': '2025-07-28T11:30:23.832750+00:00', 'threats_detected': 0}}","{'active_threats': 0, 'threat_summary': {}, 'timestamp': '2025-07-28T11:32:09.544948+00:00', 'total_threats': 0}",True
2025-07-28T11:32:14.574595+00:00,cloud,"{'data_storage': {'identity_verifications_count': 0, 'processed_data_count': 109, 'threat_reports_count': 0}, 'global_intelligence': {'active_threats': 0, 'threat_summary': {}, 'timestamp': '2025-07-28T11:32:14.569871+00:00', 'total_threats': 0}, 'services': {'identity_verification': {'behavioral_profiles': 1, 'blockchain_ledger_size': 1, 'credential_store_size': 0, 'did_registry_size': 1, 'statistics': {'credentials_issued': 0, 'failed_verifications': 0, 'revoked_credentials': 0, 'successful_verifications': 109, 'total_verifications': 109}, 'trust_levels': ['verified', 'trusted', 'authenticated', 'unverified', 'suspicious'], 'verification_history_size': 109}, 'threat_intelligence': {'active_threats': 0, 'is_trained': False, 'known_indicators': {'attack_signatures': 0, 'malicious_ips': 0, 'suspicious_patterns': 0}, 'threat_categories': ['chaperone_attack', 'identity_spoofing', 'lateral_movement', 'data_exfiltration', 'ddos_attack', 'malware_infection'], 'threat_signatures': 3, 'threat_timeline_size': 0}}, 'statistics': {'data_packets_processed': 109, 'false_positives': 0, 'identities_verified': 109, 'start_time': '2025-07-28T11:30:23.832750+00:00', 'threats_detected': 0}}","{'active_threats': 0, 'threat_summary': {}, 'timestamp': '2025-07-28T11:32:14.573565+00:00', 'total_threats': 0}",True
2025-07-28T11:32:19.607171+00:00,cloud,"{'data_storage': {'identity_verifications_count': 0, 'processed_data_count': 113, 'threat_reports_count': 0}, 'global_intelligence': {'active_threats': 0, 'threat_summary': {}, 'timestamp': '2025-07-28T11:32:19.601956+00:00', 'total_threats': 0}, 'services': {'identity_verification': {'behavioral_profiles': 1, 'blockchain_ledger_size': 1, 'credential_store_size': 0, 'did_registry_size': 1, 'statistics': {'credentials_issued': 0, 'failed_verifications': 0, 'revoked_credentials': 0, 'successful_verifications': 113, 'total_verifications': 113}, 'trust_levels': ['verified', 'trusted', 'authenticated', 'unverified', 'suspicious'], 'verification_history_size': 113}, 'threat_intelligence': {'active_threats': 0, 'is_trained': False, 'known_indicators': {'attack_signatures': 0, 'malicious_ips': 0, 'suspicious_patterns': 0}, 'threat_categories': ['chaperone_attack', 'identity_spoofing', 'lateral_movement', 'data_exfiltration', 'ddos_attack', 'malware_infection'], 'threat_signatures': 3, 'threat_timeline_size': 0}}, 'statistics': {'data_packets_processed': 113, 'false_positives': 0, 'identities_verified': 113, 'start_time': '2025-07-28T11:30:23.832750+00:00', 'threats_detected': 0}}","{'active_threats': 0, 'threat_summary': {}, 'timestamp': '2025-07-28T11:32:19.606004+00:00', 'total_threats': 0}",True
2025-07-28T11:32:24.639570+00:00,cloud,"{'data_storage': {'identity_verifications_count': 0, 'processed_data_count': 118, 'threat_reports_count': 0}, 'global_intelligence': {'active_threats': 0, 'threat_summary': {}, 'timestamp': '2025-07-28T11:32:24.634247+00:00', 'total_threats': 0}, 'services': {'identity_verification': {'behavioral_profiles': 1, 'blockchain_ledger_size': 1, 'credential_store_size': 0, 'did_registry_size': 1, 'statistics': {'credentials_issued': 0, 'failed_verifications': 0, 'revoked_credentials': 0, 'successful_verifications': 118, 'total_verifications': 118}, 'trust_levels': ['verified', 'trusted', 'authenticated', 'unverified', 'suspicious'], 'verification_history_size': 118}, 'threat_intelligence': {'active_threats': 0, 'is_trained': False, 'known_indicators': {'attack_signatures': 0, 'malicious_ips': 0, 'suspicious_patterns': 0}, 'threat_categories': ['chaperone_attack', 'identity_spoofing', 'lateral_movement', 'data_exfiltration', 'ddos_attack', 'malware_infection'], 'threat_signatures': 3, 'threat_timeline_size': 0}}, 'statistics': {'data_packets_processed': 118, 'false_positives': 0, 'identities_verified': 118, 'start_time': '2025-07-28T11:30:23.832750+00:00', 'threats_detected': 0}}","{'active_threats': 0, 'threat_summary': {}, 'timestamp': '2025-07-28T11:32:24.638458+00:00', 'total_threats': 0}",True
2025-07-28T11:32:29.672589+00:00,cloud,"{'data_storage': {'identity_verifications_count': 0, 'processed_data_count': 123, 'threat_reports_count': 0}, 'global_intelligence': {'active_threats': 0, 'threat_summary': {}, 'timestamp': '2025-07-28T11:32:29.667377+00:00', 'total_threats': 0}, 'services': {'identity_verification': {'behavioral_profiles': 1, 'blockchain_ledger_size': 1, 'credential_store_size': 0, 'did_registry_size': 1, 'statistics': {'credentials_issued': 0, 'failed_verifications': 0, 'revoked_credentials': 0, 'successful_verifications': 123, 'total_verifications': 123}, 'trust_levels': ['verified', 'trusted', 'authenticated', 'unverified', 'suspicious'], 'verification_history_size': 123}, 'threat_intelligence': {'active_threats': 0, 'is_trained': False, 'known_indicators': {'attack_signatures': 0, 'malicious_ips': 0, 'suspicious_patterns': 0}, 'threat_categories': ['chaperone_attack', 'identity_spoofing', 'lateral_movement', 'data_exfiltration', 'ddos_attack', 'malware_infection'], 'threat_signatures': 3, 'threat_timeline_size': 0}}, 'statistics': {'data_packets_processed': 123, 'false_positives': 0, 'identities_verified': 123, 'start_time': '2025-07-28T11:30:23.832750+00:00', 'threats_detected': 0}}","{'active_threats': 0, 'threat_summary': {}, 'timestamp': '2025-07-28T11:32:29.671385+00:00', 'total_threats': 0}",True
2025-07-28T11:32:34.707411+00:00,cloud,"{'data_storage': {'identity_verifications_count': 0, 'processed_data_count': 128, 'threat_reports_count': 0}, 'global_intelligence': {'active_threats': 0, 'threat_summary': {}, 'timestamp': '2025-07-28T11:32:34.701933+00:00', 'total_threats': 0}, 'services': {'identity_verification': {'behavioral_profiles': 1, 'blockchain_ledger_size': 1, 'credential_store_size': 0, 'did_registry_size': 1, 'statistics': {'credentials_issued': 0, 'failed_verifications': 0, 'revoked_credentials': 0, 'successful_verifications': 128, 'total_verifications': 128}, 'trust_levels': ['verified', 'trusted', 'authenticated', 'unverified', 'suspicious'], 'verification_history_size': 128}, 'threat_intelligence': {'active_threats': 0, 'is_trained': False, 'known_indicators': {'attack_signatures': 0, 'malicious_ips': 0, 'suspicious_patterns': 0}, 'threat_categories': ['chaperone_attack', 'identity_spoofing', 'lateral_movement', 'data_exfiltration', 'ddos_attack', 'malware_infection'], 'threat_signatures': 3, 'threat_timeline_size': 0}}, 'statistics': {'data_packets_processed': 128, 'false_positives': 0, 'identities_verified': 128, 'start_time': '2025-07-28T11:30:23.832750+00:00', 'threats_detected': 0}}","{'active_threats': 0, 'threat_summary': {}, 'timestamp': '2025-07-28T11:32:34.706164+00:00', 'total_threats': 0}",True
2025-07-28T11:32:39.732747+00:00,cloud,"{'data_storage': {'identity_verifications_count': 0, 'processed_data_count': 133, 'threat_reports_count': 0}, 'global_intelligence': {'active_threats': 0, 'threat_summary': {}, 'timestamp': '2025-07-28T11:32:39.727048+00:00', 'total_threats': 0}, 'services': {'identity_verification': {'behavioral_profiles': 1, 'blockchain_ledger_size': 1, 'credential_store_size': 0, 'did_registry_size': 1, 'statistics': {'credentials_issued': 0, 'failed_verifications': 0, 'revoked_credentials': 0, 'successful_verifications': 133, 'total_verifications': 133}, 'trust_levels': ['verified', 'trusted', 'authenticated', 'unverified', 'suspicious'], 'verification_history_size': 133}, 'threat_intelligence': {'active_threats': 0, 'is_trained': False, 'known_indicators': {'attack_signatures': 0, 'malicious_ips': 0, 'suspicious_patterns': 0}, 'threat_categories': ['chaperone_attack', 'identity_spoofing', 'lateral_movement', 'data_exfiltration', 'ddos_attack', 'malware_infection'], 'threat_signatures': 3, 'threat_timeline_size': 0}}, 'statistics': {'data_packets_processed': 133, 'false_positives': 0, 'identities_verified': 133, 'start_time': '2025-07-28T11:30:23.832750+00:00', 'threats_detected': 0}}","{'active_threats': 0, 'threat_summary': {}, 'timestamp': '2025-07-28T11:32:39.731549+00:00', 'total_threats': 0}",True
2025-07-28T11:32:44.771670+00:00,cloud,"{'data_storage': {'identity_verifications_count': 0, 'processed_data_count': 138, 'threat_reports_count': 0}, 'global_intelligence': {'active_threats': 0, 'threat_summary': {}, 'timestamp': '2025-07-28T11:32:44.765172+00:00', 'total_threats': 0}, 'services': {'identity_verification': {'behavioral_profiles': 1, 'blockchain_ledger_size': 1, 'credential_store_size': 0, 'did_registry_size': 1, 'statistics': {'credentials_issued': 0, 'failed_verifications': 0, 'revoked_credentials': 0, 'successful_verifications': 138, 'total_verifications': 138}, 'trust_levels': ['verified', 'trusted', 'authenticated', 'unverified', 'suspicious'], 'verification_history_size': 138}, 'threat_intelligence': {'active_threats': 0, 'is_trained': False, 'known_indicators': {'attack_signatures': 0, 'malicious_ips': 0, 'suspicious_patterns': 0}, 'threat_categories': ['chaperone_attack', 'identity_spoofing', 'lateral_movement', 'data_exfiltration', 'ddos_attack', 'malware_infection'], 'threat_signatures': 3, 'threat_timeline_size': 0}}, 'statistics': {'data_packets_processed': 138, 'false_positives': 0, 'identities_verified': 138, 'start_time': '2025-07-28T11:30:23.832750+00:00', 'threats_detected': 0}}","{'active_threats': 0, 'threat_summary': {}, 'timestamp': '2025-07-28T11:32:44.770248+00:00', 'total_threats': 0}",True
2025-07-28T11:32:49.808818+00:00,cloud,"{'data_storage': {'identity_verifications_count': 0, 'processed_data_count': 143, 'threat_reports_count': 0}, 'global_intelligence': {'active_threats': 0, 'threat_summary': {}, 'timestamp': '2025-07-28T11:32:49.803468+00:00', 'total_threats': 0}, 'services': {'identity_verification': {'behavioral_profiles': 1, 'blockchain_ledger_size': 1, 'credential_store_size': 0, 'did_registry_size': 1, 'statistics': {'credentials_issued': 0, 'failed_verifications': 0, 'revoked_credentials': 0, 'successful_verifications': 143, 'total_verifications': 143}, 'trust_levels': ['verified', 'trusted', 'authenticated', 'unverified', 'suspicious'], 'verification_history_size': 143}, 'threat_intelligence': {'active_threats': 0, 'is_trained': False, 'known_indicators': {'attack_signatures': 0, 'malicious_ips': 0, 'suspicious_patterns': 0}, 'threat_categories': ['chaperone_attack', 'identity_spoofing', 'lateral_movement', 'data_exfiltration', 'ddos_attack', 'malware_infection'], 'threat_signatures': 3, 'threat_timeline_size': 0}}, 'statistics': {'data_packets_processed': 143, 'false_positives': 0, 'identities_verified': 143, 'start_time': '2025-07-28T11:30:23.832750+00:00', 'threats_detected': 0}}","{'active_threats': 0, 'threat_summary': {}, 'timestamp': '2025-07-28T11:32:49.807587+00:00', 'total_threats': 0}",True
2025-07-28T11:32:54.843236+00:00,cloud,"{'data_storage': {'identity_verifications_count': 0, 'processed_data_count': 148, 'threat_reports_count': 0}, 'global_intelligence': {'active_threats': 0, 'threat_summary': {}, 'timestamp': '2025-07-28T11:32:54.837875+00:00', 'total_threats': 0}, 'services': {'identity_verification': {'behavioral_profiles': 1, 'blockchain_ledger_size': 1, 'credential_store_size': 0, 'did_registry_size': 1, 'statistics': {'credentials_issued': 0, 'failed_verifications': 0, 'revoked_credentials': 0, 'successful_verifications': 148, 'total_verifications': 148}, 'trust_levels': ['verified', 'trusted', 'authenticated', 'unverified', 'suspicious'], 'verification_history_size': 148}, 'threat_intelligence': {'active_threats': 0, 'is_trained': False, 'known_indicators': {'attack_signatures': 0, 'malicious_ips': 0, 'suspicious_patterns': 0}, 'threat_categories': ['chaperone_attack', 'identity_spoofing', 'lateral_movement', 'data_exfiltration', 'ddos_attack', 'malware_infection'], 'threat_signatures': 3, 'threat_timeline_size': 0}}, 'statistics': {'data_packets_processed': 148, 'false_positives': 0, 'identities_verified': 148, 'start_time': '2025-07-28T11:30:23.832750+00:00', 'threats_detected': 0}}","{'active_threats': 0, 'threat_summary': {}, 'timestamp': '2025-07-28T11:32:54.842117+00:00', 'total_threats': 0}",True
2025-07-28T11:32:59.875472+00:00,cloud,"{'data_storage': {'identity_verifications_count': 0, 'processed_data_count': 153, 'threat_reports_count': 0}, 'global_intelligence': {'active_threats': 0, 'threat_summary': {}, 'timestamp': '2025-07-28T11:32:59.870426+00:00', 'total_threats': 0}, 'services': {'identity_verification': {'behavioral_profiles': 1, 'blockchain_ledger_size': 1, 'credential_store_size': 0, 'did_registry_size': 1, 'statistics': {'credentials_issued': 0, 'failed_verifications': 0, 'revoked_credentials': 0, 'successful_verifications': 153, 'total_verifications': 153}, 'trust_levels': ['verified', 'trusted', 'authenticated', 'unverified', 'suspicious'], 'verification_history_size': 153}, 'threat_intelligence': {'active_threats': 0, 'is_trained': False, 'known_indicators': {'attack_signatures': 0, 'malicious_ips': 0, 'suspicious_patterns': 0}, 'threat_categories': ['chaperone_attack', 'identity_spoofing', 'lateral_movement', 'data_exfiltration', 'ddos_attack', 'malware_infection'], 'threat_signatures': 3, 'threat_timeline_size': 0}}, 'statistics': {'data_packets_processed': 153, 'false_positives': 0, 'identities_verified': 153, 'start_time': '2025-07-28T11:30:23.832750+00:00', 'threats_detected': 0}}","{'active_threats': 0, 'threat_summary': {}, 'timestamp': '2025-07-28T11:32:59.874287+00:00', 'total_threats': 0}",True
2025-07-28T11:33:04.919836+00:00,cloud,"{'data_storage': {'identity_verifications_count': 0, 'processed_data_count': 158, 'threat_reports_count': 0}, 'global_intelligence': {'active_threats': 0, 'threat_summary': {}, 'timestamp': '2025-07-28T11:33:04.912656+00:00', 'total_threats': 0}, 'services': {'identity_verification': {'behavioral_profiles': 1, 'blockchain_ledger_size': 1, 'credential_store_size': 0, 'did_registry_size': 1, 'statistics': {'credentials_issued': 0, 'failed_verifications': 0, 'revoked_credentials': 0, 'successful_verifications': 158, 'total_verifications': 158}, 'trust_levels': ['verified', 'trusted', 'authenticated', 'unverified', 'suspicious'], 'verification_history_size': 158}, 'threat_intelligence': {'active_threats': 0, 'is_trained': False, 'known_indicators': {'attack_signatures': 0, 'malicious_ips': 0, 'suspicious_patterns': 0}, 'threat_categories': ['chaperone_attack', 'identity_spoofing', 'lateral_movement', 'data_exfiltration', 'ddos_attack', 'malware_infection'], 'threat_signatures': 3, 'threat_timeline_size': 0}}, 'statistics': {'data_packets_processed': 158, 'false_positives': 0, 'identities_verified': 158, 'start_time': '2025-07-28T11:30:23.832750+00:00', 'threats_detected': 0}}","{'active_threats': 0, 'threat_summary': {}, 'timestamp': '2025-07-28T11:33:04.918463+00:00', 'total_threats': 0}",True
2025-07-28T11:33:09.948633+00:00,cloud,"{'data_storage': {'identity_verifications_count': 0, 'processed_data_count': 163, 'threat_reports_count': 0}, 'global_intelligence': {'active_threats': 0, 'threat_summary': {}, 'timestamp': '2025-07-28T11:33:09.943907+00:00', 'total_threats': 0}, 'services': {'identity_verification': {'behavioral_profiles': 1, 'blockchain_ledger_size': 1, 'credential_store_size': 0, 'did_registry_size': 1, 'statistics': {'credentials_issued': 0, 'failed_verifications': 0, 'revoked_credentials': 0, 'successful_verifications': 163, 'total_verifications': 163}, 'trust_levels': ['verified', 'trusted', 'authenticated', 'unverified', 'suspicious'], 'verification_history_size': 163}, 'threat_intelligence': {'active_threats': 0, 'is_trained': False, 'known_indicators': {'attack_signatures': 0, 'malicious_ips': 0, 'suspicious_patterns': 0}, 'threat_categories': ['chaperone_attack', 'identity_spoofing', 'lateral_movement', 'data_exfiltration', 'ddos_attack', 'malware_infection'], 'threat_signatures': 3, 'threat_timeline_size': 0}}, 'statistics': {'data_packets_processed': 163, 'false_positives': 0, 'identities_verified': 163, 'start_time': '2025-07-28T11:30:23.832750+00:00', 'threats_detected': 0}}","{'active_threats': 0, 'threat_summary': {}, 'timestamp': '2025-07-28T11:33:09.947542+00:00', 'total_threats': 0}",True
2025-07-28T11:33:14.985605+00:00,cloud,"{'data_storage': {'identity_verifications_count': 0, 'processed_data_count': 167, 'threat_reports_count': 0}, 'global_intelligence': {'active_threats': 0, 'threat_summary': {}, 'timestamp': '2025-07-28T11:33:14.979384+00:00', 'total_threats': 0}, 'services': {'identity_verification': {'behavioral_profiles': 1, 'blockchain_ledger_size': 1, 'credential_store_size': 0, 'did_registry_size': 1, 'statistics': {'credentials_issued': 0, 'failed_verifications': 0, 'revoked_credentials': 0, 'successful_verifications': 167, 'total_verifications': 167}, 'trust_levels': ['verified', 'trusted', 'authenticated', 'unverified', 'suspicious'], 'verification_history_size': 167}, 'threat_intelligence': {'active_threats': 0, 'is_trained': False, 'known_indicators': {'attack_signatures': 0, 'malicious_ips': 0, 'suspicious_patterns': 0}, 'threat_categories': ['chaperone_attack', 'identity_spoofing', 'lateral_movement', 'data_exfiltration', 'ddos_attack', 'malware_infection'], 'threat_signatures': 3, 'threat_timeline_size': 0}}, 'statistics': {'data_packets_processed': 167, 'false_positives': 0, 'identities_verified': 167, 'start_time': '2025-07-28T11:30:23.832750+00:00', 'threats_detected': 0}}","{'active_threats': 0, 'threat_summary': {}, 'timestamp': '2025-07-28T11:33:14.984185+00:00', 'total_threats': 0}",True
2025-07-28T11:33:20.025481+00:00,cloud,"{'data_storage': {'identity_verifications_count': 0, 'processed_data_count': 172, 'threat_reports_count': 0}, 'global_intelligence': {'active_threats': 0, 'threat_summary': {}, 'timestamp': '2025-07-28T11:33:20.018548+00:00', 'total_threats': 0}, 'services': {'identity_verification': {'behavioral_profiles': 1, 'blockchain_ledger_size': 1, 'credential_store_size': 0, 'did_registry_size': 1, 'statistics': {'credentials_issued': 0, 'failed_verifications': 0, 'revoked_credentials': 0, 'successful_verifications': 172, 'total_verifications': 172}, 'trust_levels': ['verified', 'trusted', 'authenticated', 'unverified', 'suspicious'], 'verification_history_size': 172}, 'threat_intelligence': {'active_threats': 0, 'is_trained': False, 'known_indicators': {'attack_signatures': 0, 'malicious_ips': 0, 'suspicious_patterns': 0}, 'threat_categories': ['chaperone_attack', 'identity_spoofing', 'lateral_movement', 'data_exfiltration', 'ddos_attack', 'malware_infection'], 'threat_signatures': 3, 'threat_timeline_size': 0}}, 'statistics': {'data_packets_processed': 172, 'false_positives': 0, 'identities_verified': 172, 'start_time': '2025-07-28T11:30:23.832750+00:00', 'threats_detected': 0}}","{'active_threats': 0, 'threat_summary': {}, 'timestamp': '2025-07-28T11:33:20.023883+00:00', 'total_threats': 0}",True
2025-07-28T11:33:25.058432+00:00,cloud,"{'data_storage': {'identity_verifications_count': 0, 'processed_data_count': 177, 'threat_reports_count': 0}, 'global_intelligence': {'active_threats': 0, 'threat_summary': {}, 'timestamp': '2025-07-28T11:33:25.053528+00:00', 'total_threats': 0}, 'services': {'identity_verification': {'behavioral_profiles': 1, 'blockchain_ledger_size': 1, 'credential_store_size': 0, 'did_registry_size': 1, 'statistics': {'credentials_issued': 0, 'failed_verifications': 0, 'revoked_credentials': 0, 'successful_verifications': 177, 'total_verifications': 177}, 'trust_levels': ['verified', 'trusted', 'authenticated', 'unverified', 'suspicious'], 'verification_history_size': 177}, 'threat_intelligence': {'active_threats': 0, 'is_trained': False, 'known_indicators': {'attack_signatures': 0, 'malicious_ips': 0, 'suspicious_patterns': 0}, 'threat_categories': ['chaperone_attack', 'identity_spoofing', 'lateral_movement', 'data_exfiltration', 'ddos_attack', 'malware_infection'], 'threat_signatures': 3, 'threat_timeline_size': 0}}, 'statistics': {'data_packets_processed': 177, 'false_positives': 0, 'identities_verified': 177, 'start_time': '2025-07-28T11:30:23.832750+00:00', 'threats_detected': 0}}","{'active_threats': 0, 'threat_summary': {}, 'timestamp': '2025-07-28T11:33:25.057303+00:00', 'total_threats': 0}",True
2025-07-28T11:33:30.091763+00:00,cloud,"{'data_storage': {'identity_verifications_count': 0, 'processed_data_count': 182, 'threat_reports_count': 0}, 'global_intelligence': {'active_threats': 0, 'threat_summary': {}, 'timestamp': '2025-07-28T11:33:30.086490+00:00', 'total_threats': 0}, 'services': {'identity_verification': {'behavioral_profiles': 1, 'blockchain_ledger_size': 1, 'credential_store_size': 0, 'did_registry_size': 1, 'statistics': {'credentials_issued': 0, 'failed_verifications': 0, 'revoked_credentials': 0, 'successful_verifications': 182, 'total_verifications': 182}, 'trust_levels': ['verified', 'trusted', 'authenticated', 'unverified', 'suspicious'], 'verification_history_size': 182}, 'threat_intelligence': {'active_threats': 0, 'is_trained': False, 'known_indicators': {'attack_signatures': 0, 'malicious_ips': 0, 'suspicious_patterns': 0}, 'threat_categories': ['chaperone_attack', 'identity_spoofing', 'lateral_movement', 'data_exfiltration', 'ddos_attack', 'malware_infection'], 'threat_signatures': 3, 'threat_timeline_size': 0}}, 'statistics': {'data_packets_processed': 182, 'false_positives': 0, 'identities_verified': 182, 'start_time': '2025-07-28T11:30:23.832750+00:00', 'threats_detected': 0}}","{'active_threats': 0, 'threat_summary': {}, 'timestamp': '2025-07-28T11:33:30.090568+00:00', 'total_threats': 0}",True
2025-07-28T11:33:35.126915+00:00,cloud,"{'data_storage': {'identity_verifications_count': 0, 'processed_data_count': 187, 'threat_reports_count': 0}, 'global_intelligence': {'active_threats': 0, 'threat_summary': {}, 'timestamp': '2025-07-28T11:33:35.120530+00:00', 'total_threats': 0}, 'services': {'identity_verification': {'behavioral_profiles': 1, 'blockchain_ledger_size': 1, 'credential_store_size': 0, 'did_registry_size': 1, 'statistics': {'credentials_issued': 0, 'failed_verifications': 0, 'revoked_credentials': 0, 'successful_verifications': 187, 'total_verifications': 187}, 'trust_levels': ['verified', 'trusted', 'authenticated', 'unverified', 'suspicious'], 'verification_history_size': 187}, 'threat_intelligence': {'active_threats': 0, 'is_trained': False, 'known_indicators': {'attack_signatures': 0, 'malicious_ips': 0, 'suspicious_patterns': 0}, 'threat_categories': ['chaperone_attack', 'identity_spoofing', 'lateral_movement', 'data_exfiltration', 'ddos_attack', 'malware_infection'], 'threat_signatures': 3, 'threat_timeline_size': 0}}, 'statistics': {'data_packets_processed': 187, 'false_positives': 0, 'identities_verified': 187, 'start_time': '2025-07-28T11:30:23.832750+00:00', 'threats_detected': 0}}","{'active_threats': 0, 'threat_summary': {}, 'timestamp': '2025-07-28T11:33:35.125380+00:00', 'total_threats': 0}",True
2025-07-28T11:33:40.166347+00:00,cloud,"{'data_storage': {'identity_verifications_count': 0, 'processed_data_count': 192, 'threat_reports_count': 0}, 'global_intelligence': {'active_threats': 0, 'threat_summary': {}, 'timestamp': '2025-07-28T11:33:40.158482+00:00', 'total_threats': 0}, 'services': {'identity_verification': {'behavioral_profiles': 1, 'blockchain_ledger_size': 1, 'credential_store_size': 0, 'did_registry_size': 1, 'statistics': {'credentials_issued': 0, 'failed_verifications': 0, 'revoked_credentials': 0, 'successful_verifications': 192, 'total_verifications': 192}, 'trust_levels': ['verified', 'trusted', 'authenticated', 'unverified', 'suspicious'], 'verification_history_size': 192}, 'threat_intelligence': {'active_threats': 0, 'is_trained': False, 'known_indicators': {'attack_signatures': 0, 'malicious_ips': 0, 'suspicious_patterns': 0}, 'threat_categories': ['chaperone_attack', 'identity_spoofing', 'lateral_movement', 'data_exfiltration', 'ddos_attack', 'malware_infection'], 'threat_signatures': 3, 'threat_timeline_size': 0}}, 'statistics': {'data_packets_processed': 192, 'false_positives': 0, 'identities_verified': 192, 'start_time': '2025-07-28T11:30:23.832750+00:00', 'threats_detected': 0}}","{'active_threats': 0, 'threat_summary': {}, 'timestamp': '2025-07-28T11:33:40.164589+00:00', 'total_threats': 0}",True
