timestamp,layer,esa_status,sensor_info,collection_success
2025-07-28T11:30:23.780361+00:00,device,"{'baseline_established': False, 'baseline_info': {'established_at': None, 'training_samples': 0}, 'buffer_size': 1, 'consent_status': True, 'device_id': 'vr_device_9080', 'is_trained': False, 'metrics': {'anomalies_detected': 0, 'false_positives': 0, 'packets_processed': 1, 'processing_time_avg': 1.6689300537109375e-05, 'threats_blocked': 0}, 'threat_history_size': 0}","{'buffer_size': 1, 'current_data': {'device_info': {'battery_level': 30, 'device_id': 'vr_device_9080', 'device_type': 'vr_headset', 'firmware_version': '1.2.3'}, 'packet_id': 'pkt_1753702223055_2236', 'sensors': [{'data': {'magnitude': 0, 'x': -0.1495, 'y': -0.0496, 'z': 10.1206}, 'device_id': 'vr_device_9080', 'sensor_type': 'accelerometer', 'timestamp': '2025-07-28T11:30:23.055132+00:00'}, {'data': {'pitch': 2.1373, 'roll': -0.0303, 'yaw': -1.834}, 'device_id': 'vr_device_9080', 'sensor_type': 'gyroscope', 'timestamp': '2025-07-28T11:30:23.055132+00:00'}, {'data': {'blink_rate': 24, 'fixation_duration': 466, 'gaze_x': 0.2546048741247373, 'gaze_y': 0.211329379085862, 'pupil_diameter_left': 4.13, 'pupil_diameter_right': 4.15}, 'device_id': 'vr_device_9080', 'sensor_type': 'eye_tracking', 'timestamp': '2025-07-28T11:30:23.055132+00:00'}, {'data': {'position': {'x': 0.0496, 'y': 1.6347, 'z': 0.0099}, 'rotation': {'pitch': 17.4, 'roll': -3.75, 'yaw': 1.82}}, 'device_id': 'vr_device_9080', 'sensor_type': 'head_tracking', 'timestamp': '2025-07-28T11:30:23.055132+00:00'}, {'data': {'force_feedback': {'left_hand': 0.67, 'right_hand': 0.223}, 'tactile_intensity': 0.852, 'temperature': 17.4, 'vibration_pattern': 'pulse'}, 'device_id': 'vr_device_9080', 'sensor_type': 'haptic', 'timestamp': '2025-07-28T11:30:23.055132+00:00'}], 'timestamp': '2025-07-28T11:30:23.055132+00:00', 'user_profile': {'experience_level': 'expert', 'eye_movement_speed': 1.8312190425177968, 'hand_dominance': 'left', 'head_movement_pattern': 'moderate', 'play_style': 'passive', 'user_id': 'user_57328'}}, 'session_info': {'packets_sent': 1, 'session_id': 'session_1753702223', 'start_time': '2025-07-28T11:30:23.054450+00:00'}}",True
2025-07-28T11:30:28.810582+00:00,device,"{'baseline_established': False, 'baseline_info': {'established_at': None, 'training_samples': 0}, 'buffer_size': 6, 'consent_status': True, 'device_id': 'vr_device_9080', 'is_trained': False, 'metrics': {'anomalies_detected': 0, 'false_positives': 0, 'packets_processed': 6, 'processing_time_avg': 1.3907750447591146e-05, 'threats_blocked': 0}, 'threat_history_size': 0}","{'buffer_size': 6, 'current_data': {'device_info': {'battery_level': 95, 'device_id': 'vr_device_9080', 'device_type': 'vr_headset', 'firmware_version': '1.2.3'}, 'packet_id': 'pkt_1753702228137_9210', 'sensors': [{'data': {'magnitude': 0, 'x': -0.1638, 'y': 0.1715, 'z': 10.1394}, 'device_id': 'vr_device_9080', 'sensor_type': 'accelerometer', 'timestamp': '2025-07-28T11:30:28.137097+00:00'}, {'data': {'pitch': 0.314, 'roll': 1.1321, 'yaw': -0.2982}, 'device_id': 'vr_device_9080', 'sensor_type': 'gyroscope', 'timestamp': '2025-07-28T11:30:28.137097+00:00'}, {'data': {'blink_rate': 18, 'fixation_duration': 643, 'gaze_x': 0.8973409967562598, 'gaze_y': 0.11252890611587951, 'pupil_diameter_left': 4.64, 'pupil_diameter_right': 4.39}, 'device_id': 'vr_device_9080', 'sensor_type': 'eye_tracking', 'timestamp': '2025-07-28T11:30:28.137097+00:00'}, {'data': {'position': {'x': -0.1578, 'y': 1.8137, 'z': 0.003}, 'rotation': {'pitch': -5.48, 'roll': 1.43, 'yaw': -44.34}}, 'device_id': 'vr_device_9080', 'sensor_type': 'head_tracking', 'timestamp': '2025-07-28T11:30:28.137097+00:00'}, {'data': {'force_feedback': {'left_hand': 0.168, 'right_hand': 0.169}, 'tactile_intensity': 0.578, 'temperature': 23.6, 'vibration_pattern': 'pulse'}, 'device_id': 'vr_device_9080', 'sensor_type': 'haptic', 'timestamp': '2025-07-28T11:30:28.137097+00:00'}], 'timestamp': '2025-07-28T11:30:28.137097+00:00', 'user_profile': {'experience_level': 'expert', 'eye_movement_speed': 1.8312190425177968, 'hand_dominance': 'left', 'head_movement_pattern': 'moderate', 'play_style': 'passive', 'user_id': 'user_57328'}}, 'session_info': {'packets_sent': 6, 'session_id': 'session_1753702223', 'start_time': '2025-07-28T11:30:23.054450+00:00'}}",True
2025-07-28T11:30:33.843005+00:00,device,"{'baseline_established': False, 'baseline_info': {'established_at': None, 'training_samples': 0}, 'buffer_size': 11, 'consent_status': True, 'device_id': 'vr_device_9080', 'is_trained': False, 'metrics': {'anomalies_detected': 0, 'false_positives': 0, 'packets_processed': 11, 'processing_time_avg': 1.3936649669300426e-05, 'threats_blocked': 0}, 'threat_history_size': 0}","{'buffer_size': 11, 'current_data': {'device_info': {'battery_level': 93, 'device_id': 'vr_device_9080', 'device_type': 'vr_headset', 'firmware_version': '1.2.3'}, 'packet_id': 'pkt_1753702233204_8651', 'sensors': [{'data': {'magnitude': 0, 'x': 0.3023, 'y': -0.2386, 'z': 10.0069}, 'device_id': 'vr_device_9080', 'sensor_type': 'accelerometer', 'timestamp': '2025-07-28T11:30:33.204463+00:00'}, {'data': {'pitch': -2.3063, 'roll': -0.3341, 'yaw': -0.4636}, 'device_id': 'vr_device_9080', 'sensor_type': 'gyroscope', 'timestamp': '2025-07-28T11:30:33.204463+00:00'}, {'data': {'blink_rate': 21, 'fixation_duration': 362, 'gaze_x': 0.5498892360471102, 'gaze_y': 0.3038086616110943, 'pupil_diameter_left': 4.56, 'pupil_diameter_right': 3.97}, 'device_id': 'vr_device_9080', 'sensor_type': 'eye_tracking', 'timestamp': '2025-07-28T11:30:33.204463+00:00'}, {'data': {'position': {'x': -0.0737, 'y': 1.7081, 'z': -0.0155}, 'rotation': {'pitch': -23.92, 'roll': -1.64, 'yaw': -12.69}}, 'device_id': 'vr_device_9080', 'sensor_type': 'head_tracking', 'timestamp': '2025-07-28T11:30:33.204463+00:00'}, {'data': {'force_feedback': {'left_hand': 0.058, 'right_hand': 0.76}, 'tactile_intensity': 0.4, 'temperature': 21.7, 'vibration_pattern': 'wave'}, 'device_id': 'vr_device_9080', 'sensor_type': 'haptic', 'timestamp': '2025-07-28T11:30:33.204463+00:00'}], 'timestamp': '2025-07-28T11:30:33.204463+00:00', 'user_profile': {'experience_level': 'expert', 'eye_movement_speed': 1.8312190425177968, 'hand_dominance': 'left', 'head_movement_pattern': 'moderate', 'play_style': 'passive', 'user_id': 'user_57328'}}, 'session_info': {'packets_sent': 11, 'session_id': 'session_1753702223', 'start_time': '2025-07-28T11:30:23.054450+00:00'}}",True
2025-07-28T11:30:38.874358+00:00,device,"{'baseline_established': False, 'baseline_info': {'established_at': None, 'training_samples': 0}, 'buffer_size': 16, 'consent_status': True, 'device_id': 'vr_device_9080', 'is_trained': False, 'metrics': {'anomalies_detected': 0, 'false_positives': 0, 'packets_processed': 16, 'processing_time_avg': 1.5333294868469238e-05, 'threats_blocked': 0}, 'threat_history_size': 0}","{'buffer_size': 16, 'current_data': {'device_info': {'battery_level': 75, 'device_id': 'vr_device_9080', 'device_type': 'vr_headset', 'firmware_version': '1.2.3'}, 'packet_id': 'pkt_1753702238279_7353', 'sensors': [{'data': {'magnitude': 0, 'x': 0.2545, 'y': -0.3542, 'z': 9.7683}, 'device_id': 'vr_device_9080', 'sensor_type': 'accelerometer', 'timestamp': '2025-07-28T11:30:38.279213+00:00'}, {'data': {'pitch': 1.1415, 'roll': 0.2163, 'yaw': 0.258}, 'device_id': 'vr_device_9080', 'sensor_type': 'gyroscope', 'timestamp': '2025-07-28T11:30:38.279213+00:00'}, {'data': {'blink_rate': 21, 'fixation_duration': 220, 'gaze_x': 0.6362599210306462, 'gaze_y': 0.4720080389705005, 'pupil_diameter_left': 3.32, 'pupil_diameter_right': 3.71}, 'device_id': 'vr_device_9080', 'sensor_type': 'eye_tracking', 'timestamp': '2025-07-28T11:30:38.279213+00:00'}, {'data': {'position': {'x': 0.0079, 'y': 1.6512, 'z': 0.1261}, 'rotation': {'pitch': 7.05, 'roll': -8.16, 'yaw': 18.99}}, 'device_id': 'vr_device_9080', 'sensor_type': 'head_tracking', 'timestamp': '2025-07-28T11:30:38.279213+00:00'}, {'data': {'force_feedback': {'left_hand': 0.607, 'right_hand': 0.968}, 'tactile_intensity': 0.025, 'temperature': 18.4, 'vibration_pattern': 'wave'}, 'device_id': 'vr_device_9080', 'sensor_type': 'haptic', 'timestamp': '2025-07-28T11:30:38.279213+00:00'}], 'timestamp': '2025-07-28T11:30:38.279213+00:00', 'user_profile': {'experience_level': 'expert', 'eye_movement_speed': 1.8312190425177968, 'hand_dominance': 'left', 'head_movement_pattern': 'moderate', 'play_style': 'passive', 'user_id': 'user_57328'}}, 'session_info': {'packets_sent': 16, 'session_id': 'session_1753702223', 'start_time': '2025-07-28T11:30:23.054450+00:00'}}",True
2025-07-28T11:30:43.904108+00:00,device,"{'baseline_established': False, 'baseline_info': {'established_at': None, 'training_samples': 0}, 'buffer_size': 21, 'consent_status': True, 'device_id': 'vr_device_9080', 'is_trained': False, 'metrics': {'anomalies_detected': 0, 'false_positives': 0, 'packets_processed': 21, 'processing_time_avg': 1.5769686017717633e-05, 'threats_blocked': 0}, 'threat_history_size': 0}","{'buffer_size': 21, 'current_data': {'device_info': {'battery_level': 67, 'device_id': 'vr_device_9080', 'device_type': 'vr_headset', 'firmware_version': '1.2.3'}, 'packet_id': 'pkt_1753702243353_4499', 'sensors': [{'data': {'magnitude': 0, 'x': -0.5283, 'y': 0.5, 'z': 10.0975}, 'device_id': 'vr_device_9080', 'sensor_type': 'accelerometer', 'timestamp': '2025-07-28T11:30:43.353242+00:00'}, {'data': {'pitch': -0.8497, 'roll': -0.8005, 'yaw': -2.0126}, 'device_id': 'vr_device_9080', 'sensor_type': 'gyroscope', 'timestamp': '2025-07-28T11:30:43.353242+00:00'}, {'data': {'blink_rate': 23, 'fixation_duration': 788, 'gaze_x': 0.32714125300650976, 'gaze_y': 0.32810330536328086, 'pupil_diameter_left': 4.39, 'pupil_diameter_right': 3.61}, 'device_id': 'vr_device_9080', 'sensor_type': 'eye_tracking', 'timestamp': '2025-07-28T11:30:43.353242+00:00'}, {'data': {'position': {'x': 0.0488, 'y': 1.762, 'z': -0.0777}, 'rotation': {'pitch': 8.66, 'roll': -2.38, 'yaw': -57.38}}, 'device_id': 'vr_device_9080', 'sensor_type': 'head_tracking', 'timestamp': '2025-07-28T11:30:43.353242+00:00'}, {'data': {'force_feedback': {'left_hand': 0.612, 'right_hand': 0.941}, 'tactile_intensity': 0.171, 'temperature': 20.5, 'vibration_pattern': 'continuous'}, 'device_id': 'vr_device_9080', 'sensor_type': 'haptic', 'timestamp': '2025-07-28T11:30:43.353242+00:00'}], 'timestamp': '2025-07-28T11:30:43.353242+00:00', 'user_profile': {'experience_level': 'expert', 'eye_movement_speed': 1.8312190425177968, 'hand_dominance': 'left', 'head_movement_pattern': 'moderate', 'play_style': 'passive', 'user_id': 'user_57328'}}, 'session_info': {'packets_sent': 21, 'session_id': 'session_1753702223', 'start_time': '2025-07-28T11:30:23.054450+00:00'}}",True
2025-07-28T11:30:48.935578+00:00,device,"{'baseline_established': False, 'baseline_info': {'established_at': None, 'training_samples': 0}, 'buffer_size': 26, 'consent_status': True, 'device_id': 'vr_device_9080', 'is_trained': False, 'metrics': {'anomalies_detected': 0, 'false_positives': 0, 'packets_processed': 26, 'processing_time_avg': 1.637752239520733e-05, 'threats_blocked': 0}, 'threat_history_size': 0}","{'buffer_size': 26, 'current_data': {'device_info': {'battery_level': 95, 'device_id': 'vr_device_9080', 'device_type': 'vr_headset', 'firmware_version': '1.2.3'}, 'packet_id': 'pkt_1753702248429_1355', 'sensors': [{'data': {'magnitude': 0, 'x': 0.0336, 'y': 0.3426, 'z': 9.9337}, 'device_id': 'vr_device_9080', 'sensor_type': 'accelerometer', 'timestamp': '2025-07-28T11:30:48.429286+00:00'}, {'data': {'pitch': -0.5854, 'roll': 0.3355, 'yaw': -1.2507}, 'device_id': 'vr_device_9080', 'sensor_type': 'gyroscope', 'timestamp': '2025-07-28T11:30:48.429286+00:00'}, {'data': {'blink_rate': 23, 'fixation_duration': 370, 'gaze_x': 0.44203438128051753, 'gaze_y': 0.5322314145048449, 'pupil_diameter_left': 3.27, 'pupil_diameter_right': 3.76}, 'device_id': 'vr_device_9080', 'sensor_type': 'eye_tracking', 'timestamp': '2025-07-28T11:30:48.429286+00:00'}, {'data': {'position': {'x': -0.023, 'y': 1.6555, 'z': -0.0224}, 'rotation': {'pitch': -11.24, 'roll': -5.08, 'yaw': 16.69}}, 'device_id': 'vr_device_9080', 'sensor_type': 'head_tracking', 'timestamp': '2025-07-28T11:30:48.429286+00:00'}, {'data': {'force_feedback': {'left_hand': 0.571, 'right_hand': 0.013}, 'tactile_intensity': 0.352, 'temperature': 23.8, 'vibration_pattern': 'continuous'}, 'device_id': 'vr_device_9080', 'sensor_type': 'haptic', 'timestamp': '2025-07-28T11:30:48.429286+00:00'}], 'timestamp': '2025-07-28T11:30:48.429286+00:00', 'user_profile': {'experience_level': 'expert', 'eye_movement_speed': 1.8312190425177968, 'hand_dominance': 'left', 'head_movement_pattern': 'moderate', 'play_style': 'passive', 'user_id': 'user_57328'}}, 'session_info': {'packets_sent': 26, 'session_id': 'session_1753702223', 'start_time': '2025-07-28T11:30:23.054450+00:00'}}",True
2025-07-28T11:30:53.970116+00:00,device,"{'baseline_established': False, 'baseline_info': {'established_at': None, 'training_samples': 0}, 'buffer_size': 31, 'consent_status': True, 'device_id': 'vr_device_9080', 'is_trained': False, 'metrics': {'anomalies_detected': 0, 'false_positives': 0, 'packets_processed': 31, 'processing_time_avg': 1.8965813421433968e-05, 'threats_blocked': 0}, 'threat_history_size': 0}","{'buffer_size': 31, 'current_data': {'device_info': {'battery_level': 93, 'device_id': 'vr_device_9080', 'device_type': 'vr_headset', 'firmware_version': '1.2.3'}, 'packet_id': 'pkt_1753702253509_9184', 'sensors': [{'data': {'magnitude': 0, 'x': 0.6694, 'y': -0.0277, 'z': 9.6984}, 'device_id': 'vr_device_9080', 'sensor_type': 'accelerometer', 'timestamp': '2025-07-28T11:30:53.509433+00:00'}, {'data': {'pitch': 1.0144, 'roll': 1.1473, 'yaw': 1.514}, 'device_id': 'vr_device_9080', 'sensor_type': 'gyroscope', 'timestamp': '2025-07-28T11:30:53.509433+00:00'}, {'data': {'blink_rate': 21, 'fixation_duration': 260, 'gaze_x': 0.5356170986556155, 'gaze_y': 0.6830656796240238, 'pupil_diameter_left': 3.64, 'pupil_diameter_right': 4.06}, 'device_id': 'vr_device_9080', 'sensor_type': 'eye_tracking', 'timestamp': '2025-07-28T11:30:53.509433+00:00'}, {'data': {'position': {'x': 0.0078, 'y': 1.7592, 'z': 0.098}, 'rotation': {'pitch': 8.08, 'roll': 5.37, 'yaw': -4.4}}, 'device_id': 'vr_device_9080', 'sensor_type': 'head_tracking', 'timestamp': '2025-07-28T11:30:53.509433+00:00'}, {'data': {'force_feedback': {'left_hand': 0.495, 'right_hand': 0.35}, 'tactile_intensity': 0.317, 'temperature': 21.0, 'vibration_pattern': 'continuous'}, 'device_id': 'vr_device_9080', 'sensor_type': 'haptic', 'timestamp': '2025-07-28T11:30:53.509433+00:00'}], 'timestamp': '2025-07-28T11:30:53.509433+00:00', 'user_profile': {'experience_level': 'expert', 'eye_movement_speed': 1.8312190425177968, 'hand_dominance': 'left', 'head_movement_pattern': 'moderate', 'play_style': 'passive', 'user_id': 'user_57328'}}, 'session_info': {'packets_sent': 31, 'session_id': 'session_1753702223', 'start_time': '2025-07-28T11:30:23.054450+00:00'}}",True
2025-07-28T11:30:59.004542+00:00,device,"{'baseline_established': False, 'baseline_info': {'established_at': None, 'training_samples': 0}, 'buffer_size': 36, 'consent_status': True, 'device_id': 'vr_device_9080', 'is_trained': False, 'metrics': {'anomalies_detected': 0, 'false_positives': 0, 'packets_processed': 36, 'processing_time_avg': 1.882844501071506e-05, 'threats_blocked': 0}, 'threat_history_size': 0}","{'buffer_size': 36, 'current_data': {'device_info': {'battery_level': 24, 'device_id': 'vr_device_9080', 'device_type': 'vr_headset', 'firmware_version': '1.2.3'}, 'packet_id': 'pkt_1753702258584_4971', 'sensors': [{'data': {'magnitude': 0, 'x': -0.0311, 'y': -0.1771, 'z': 10.0597}, 'device_id': 'vr_device_9080', 'sensor_type': 'accelerometer', 'timestamp': '2025-07-28T11:30:58.584607+00:00'}, {'data': {'pitch': -1.6611, 'roll': -0.1245, 'yaw': -0.1247}, 'device_id': 'vr_device_9080', 'sensor_type': 'gyroscope', 'timestamp': '2025-07-28T11:30:58.584607+00:00'}, {'data': {'blink_rate': 16, 'fixation_duration': 429, 'gaze_x': 0.44796567964911904, 'gaze_y': 0.41441197193092216, 'pupil_diameter_left': 3.57, 'pupil_diameter_right': 3.85}, 'device_id': 'vr_device_9080', 'sensor_type': 'eye_tracking', 'timestamp': '2025-07-28T11:30:58.584607+00:00'}, {'data': {'position': {'x': 0.0331, 'y': 1.7401, 'z': -0.0187}, 'rotation': {'pitch': -15.99, 'roll': 1.78, 'yaw': -14.38}}, 'device_id': 'vr_device_9080', 'sensor_type': 'head_tracking', 'timestamp': '2025-07-28T11:30:58.584607+00:00'}, {'data': {'force_feedback': {'left_hand': 0.919, 'right_hand': 0.961}, 'tactile_intensity': 0.698, 'temperature': 19.7, 'vibration_pattern': 'continuous'}, 'device_id': 'vr_device_9080', 'sensor_type': 'haptic', 'timestamp': '2025-07-28T11:30:58.584607+00:00'}], 'timestamp': '2025-07-28T11:30:58.584607+00:00', 'user_profile': {'experience_level': 'expert', 'eye_movement_speed': 1.8312190425177968, 'hand_dominance': 'left', 'head_movement_pattern': 'moderate', 'play_style': 'passive', 'user_id': 'user_57328'}}, 'session_info': {'packets_sent': 36, 'session_id': 'session_1753702223', 'start_time': '2025-07-28T11:30:23.054450+00:00'}}",True
2025-07-28T11:31:04.038100+00:00,device,"{'baseline_established': False, 'baseline_info': {'established_at': None, 'training_samples': 0}, 'buffer_size': 41, 'consent_status': True, 'device_id': 'vr_device_9080', 'is_trained': False, 'metrics': {'anomalies_detected': 0, 'false_positives': 0, 'packets_processed': 41, 'processing_time_avg': 1.8765286701481516e-05, 'threats_blocked': 0}, 'threat_history_size': 0}","{'buffer_size': 41, 'current_data': {'device_info': {'battery_level': 94, 'device_id': 'vr_device_9080', 'device_type': 'vr_headset', 'firmware_version': '1.2.3'}, 'packet_id': 'pkt_1753702263676_3300', 'sensors': [{'data': {'magnitude': 0, 'x': 0.2244, 'y': -0.2098, 'z': 9.3969}, 'device_id': 'vr_device_9080', 'sensor_type': 'accelerometer', 'timestamp': '2025-07-28T11:31:03.676663+00:00'}, {'data': {'pitch': -2.1889, 'roll': -0.2359, 'yaw': -0.7161}, 'device_id': 'vr_device_9080', 'sensor_type': 'gyroscope', 'timestamp': '2025-07-28T11:31:03.676663+00:00'}, {'data': {'blink_rate': 23, 'fixation_duration': 627, 'gaze_x': 0.4965049800299111, 'gaze_y': 0.8911257991650738, 'pupil_diameter_left': 3.77, 'pupil_diameter_right': 3.8}, 'device_id': 'vr_device_9080', 'sensor_type': 'eye_tracking', 'timestamp': '2025-07-28T11:31:03.676663+00:00'}, {'data': {'position': {'x': 0.1516, 'y': 1.7696, 'z': -0.115}, 'rotation': {'pitch': 14.06, 'roll': 3.84, 'yaw': -30.02}}, 'device_id': 'vr_device_9080', 'sensor_type': 'head_tracking', 'timestamp': '2025-07-28T11:31:03.676663+00:00'}, {'data': {'force_feedback': {'left_hand': 0.604, 'right_hand': 0.307}, 'tactile_intensity': 0.03, 'temperature': 21.4, 'vibration_pattern': 'continuous'}, 'device_id': 'vr_device_9080', 'sensor_type': 'haptic', 'timestamp': '2025-07-28T11:31:03.676663+00:00'}], 'timestamp': '2025-07-28T11:31:03.676663+00:00', 'user_profile': {'experience_level': 'expert', 'eye_movement_speed': 1.8312190425177968, 'hand_dominance': 'left', 'head_movement_pattern': 'moderate', 'play_style': 'passive', 'user_id': 'user_57328'}}, 'session_info': {'packets_sent': 41, 'session_id': 'session_1753702223', 'start_time': '2025-07-28T11:30:23.054450+00:00'}}",True
2025-07-28T11:31:09.074559+00:00,device,"{'baseline_established': False, 'baseline_info': {'established_at': None, 'training_samples': 0}, 'buffer_size': 46, 'consent_status': True, 'device_id': 'vr_device_9080', 'is_trained': False, 'metrics': {'anomalies_detected': 0, 'false_positives': 0, 'packets_processed': 46, 'processing_time_avg': 1.8643296283224352e-05, 'threats_blocked': 0}, 'threat_history_size': 0}","{'buffer_size': 46, 'current_data': {'device_info': {'battery_level': 84, 'device_id': 'vr_device_9080', 'device_type': 'vr_headset', 'firmware_version': '1.2.3'}, 'packet_id': 'pkt_1753702268758_4198', 'sensors': [{'data': {'magnitude': 0, 'x': 0.2362, 'y': 0.2907, 'z': 9.9135}, 'device_id': 'vr_device_9080', 'sensor_type': 'accelerometer', 'timestamp': '2025-07-28T11:31:08.758502+00:00'}, {'data': {'pitch': -0.2234, 'roll': 0.2207, 'yaw': 0.143}, 'device_id': 'vr_device_9080', 'sensor_type': 'gyroscope', 'timestamp': '2025-07-28T11:31:08.758502+00:00'}, {'data': {'blink_rate': 22, 'fixation_duration': 303, 'gaze_x': 0.3999842006046592, 'gaze_y': 0.33454483149299713, 'pupil_diameter_left': 4.43, 'pupil_diameter_right': 3.7}, 'device_id': 'vr_device_9080', 'sensor_type': 'eye_tracking', 'timestamp': '2025-07-28T11:31:08.758502+00:00'}, {'data': {'position': {'x': 0.0051, 'y': 1.6855, 'z': 0.0569}, 'rotation': {'pitch': -6.35, 'roll': -2.1, 'yaw': 1.21}}, 'device_id': 'vr_device_9080', 'sensor_type': 'head_tracking', 'timestamp': '2025-07-28T11:31:08.758502+00:00'}, {'data': {'force_feedback': {'left_hand': 0.083, 'right_hand': 0.535}, 'tactile_intensity': 0.84, 'temperature': 24.7, 'vibration_pattern': 'wave'}, 'device_id': 'vr_device_9080', 'sensor_type': 'haptic', 'timestamp': '2025-07-28T11:31:08.758502+00:00'}], 'timestamp': '2025-07-28T11:31:08.758502+00:00', 'user_profile': {'experience_level': 'expert', 'eye_movement_speed': 1.8312190425177968, 'hand_dominance': 'left', 'head_movement_pattern': 'moderate', 'play_style': 'passive', 'user_id': 'user_57328'}}, 'session_info': {'packets_sent': 46, 'session_id': 'session_1753702223', 'start_time': '2025-07-28T11:30:23.054450+00:00'}}",True
2025-07-28T11:31:14.101266+00:00,device,"{'baseline_established': True, 'baseline_info': {'established_at': '2025-07-28T11:31:12.973200+00:00', 'training_samples': 50}, 'buffer_size': 51, 'consent_status': True, 'device_id': 'vr_device_9080', 'is_trained': True, 'metrics': {'anomalies_detected': 0, 'false_positives': 0, 'packets_processed': 51, 'processing_time_avg': 0.003462515625299192, 'threats_blocked': 0}, 'threat_history_size': 0}","{'buffer_size': 51, 'current_data': {'device_info': {'battery_level': 75, 'device_id': 'vr_device_9080', 'device_type': 'vr_headset', 'firmware_version': '1.2.3'}, 'packet_id': 'pkt_1753702273994_9198', 'sensors': [{'data': {'magnitude': 0, 'x': 0.1016, 'y': 0.271, 'z': 9.7992}, 'device_id': 'vr_device_9080', 'sensor_type': 'accelerometer', 'timestamp': '2025-07-28T11:31:13.994287+00:00'}, {'data': {'pitch': -2.0147, 'roll': -0.7619, 'yaw': -1.3078}, 'device_id': 'vr_device_9080', 'sensor_type': 'gyroscope', 'timestamp': '2025-07-28T11:31:13.994287+00:00'}, {'data': {'blink_rate': 20, 'fixation_duration': 589, 'gaze_x': 0.5246971796446365, 'gaze_y': 0.40857554617797365, 'pupil_diameter_left': 3.83, 'pupil_diameter_right': 4.06}, 'device_id': 'vr_device_9080', 'sensor_type': 'eye_tracking', 'timestamp': '2025-07-28T11:31:13.994287+00:00'}, {'data': {'position': {'x': 0.0839, 'y': 1.6802, 'z': -0.0011}, 'rotation': {'pitch': 14.27, 'roll': 1.68, 'yaw': -11.03}}, 'device_id': 'vr_device_9080', 'sensor_type': 'head_tracking', 'timestamp': '2025-07-28T11:31:13.994287+00:00'}, {'data': {'force_feedback': {'left_hand': 0.188, 'right_hand': 0.673}, 'tactile_intensity': 0.507, 'temperature': 23.0, 'vibration_pattern': 'pulse'}, 'device_id': 'vr_device_9080', 'sensor_type': 'haptic', 'timestamp': '2025-07-28T11:31:13.994287+00:00'}], 'timestamp': '2025-07-28T11:31:13.994287+00:00', 'user_profile': {'experience_level': 'expert', 'eye_movement_speed': 1.8312190425177968, 'hand_dominance': 'left', 'head_movement_pattern': 'moderate', 'play_style': 'passive', 'user_id': 'user_57328'}}, 'session_info': {'packets_sent': 51, 'session_id': 'session_1753702223', 'start_time': '2025-07-28T11:30:23.054450+00:00'}}",True
2025-07-28T11:31:19.138818+00:00,device,"{'baseline_established': True, 'baseline_info': {'established_at': '2025-07-28T11:31:12.973200+00:00', 'training_samples': 50}, 'buffer_size': 55, 'consent_status': True, 'device_id': 'vr_device_9080', 'is_trained': True, 'metrics': {'anomalies_detected': 1, 'false_positives': 0, 'packets_processed': 55, 'processing_time_avg': 0.0037323951721191405, 'threats_blocked': 0}, 'threat_history_size': 2}","{'buffer_size': 55, 'current_data': {'device_info': {'battery_level': 76, 'device_id': 'vr_device_9080', 'device_type': 'vr_headset', 'firmware_version': '1.2.3'}, 'packet_id': 'pkt_1753702278081_6136', 'sensors': [{'data': {'magnitude': 0, 'x': -0.1303, 'y': 0.5321, 'z': 9.7796}, 'device_id': 'vr_device_9080', 'sensor_type': 'accelerometer', 'timestamp': '2025-07-28T11:31:18.081839+00:00'}, {'data': {'pitch': 1.2534, 'roll': 0.6694, 'yaw': -2.9858}, 'device_id': 'vr_device_9080', 'sensor_type': 'gyroscope', 'timestamp': '2025-07-28T11:31:18.081839+00:00'}, {'data': {'blink_rate': 16, 'fixation_duration': 663, 'gaze_x': 0.7359217972060886, 'gaze_y': 0.3564985336094533, 'pupil_diameter_left': 3.87, 'pupil_diameter_right': 3.17}, 'device_id': 'vr_device_9080', 'sensor_type': 'eye_tracking', 'timestamp': '2025-07-28T11:31:18.081839+00:00'}, {'data': {'position': {'x': 0.1811, 'y': 1.6955, 'z': -0.0296}, 'rotation': {'pitch': -45.76, 'roll': 7.11, 'yaw': -13.57}}, 'device_id': 'vr_device_9080', 'sensor_type': 'head_tracking', 'timestamp': '2025-07-28T11:31:18.081839+00:00'}, {'data': {'force_feedback': {'left_hand': 0.195, 'right_hand': 0.973}, 'tactile_intensity': 0.891, 'temperature': 25.7, 'vibration_pattern': 'wave'}, 'device_id': 'vr_device_9080', 'sensor_type': 'haptic', 'timestamp': '2025-07-28T11:31:18.081839+00:00'}], 'timestamp': '2025-07-28T11:31:18.081839+00:00', 'user_profile': {'experience_level': 'expert', 'eye_movement_speed': 1.8312190425177968, 'hand_dominance': 'left', 'head_movement_pattern': 'moderate', 'play_style': 'passive', 'user_id': 'user_57328'}}, 'session_info': {'packets_sent': 55, 'session_id': 'session_1753702223', 'start_time': '2025-07-28T11:30:23.054450+00:00'}}",True
2025-07-28T11:31:24.178141+00:00,device,"{'baseline_established': True, 'baseline_info': {'established_at': '2025-07-28T11:31:12.973200+00:00', 'training_samples': 50}, 'buffer_size': 60, 'consent_status': True, 'device_id': 'vr_device_9080', 'is_trained': True, 'metrics': {'anomalies_detected': 1, 'false_positives': 0, 'packets_processed': 60, 'processing_time_avg': 0.003985993067423503, 'threats_blocked': 0}, 'threat_history_size': 2}","{'buffer_size': 60, 'current_data': {'device_info': {'battery_level': 63, 'device_id': 'vr_device_9080', 'device_type': 'vr_headset', 'firmware_version': '1.2.3'}, 'packet_id': 'pkt_1753702283225_6444', 'sensors': [{'data': {'magnitude': 0, 'x': -0.3111, 'y': 0.0476, 'z': 9.9717}, 'device_id': 'vr_device_9080', 'sensor_type': 'accelerometer', 'timestamp': '2025-07-28T11:31:23.225934+00:00'}, {'data': {'pitch': 1.6291, 'roll': 0.4831, 'yaw': -0.7626}, 'device_id': 'vr_device_9080', 'sensor_type': 'gyroscope', 'timestamp': '2025-07-28T11:31:23.225934+00:00'}, {'data': {'blink_rate': 20, 'fixation_duration': 309, 'gaze_x': 0.9803415200119928, 'gaze_y': 0.4682279282842223, 'pupil_diameter_left': 3.75, 'pupil_diameter_right': 4.38}, 'device_id': 'vr_device_9080', 'sensor_type': 'eye_tracking', 'timestamp': '2025-07-28T11:31:23.225934+00:00'}, {'data': {'position': {'x': 0.0158, 'y': 1.7302, 'z': -0.0601}, 'rotation': {'pitch': -10.93, 'roll': 1.3, 'yaw': 60.87}}, 'device_id': 'vr_device_9080', 'sensor_type': 'head_tracking', 'timestamp': '2025-07-28T11:31:23.225934+00:00'}, {'data': {'force_feedback': {'left_hand': 0.249, 'right_hand': 0.218}, 'tactile_intensity': 0.082, 'temperature': 27.7, 'vibration_pattern': 'wave'}, 'device_id': 'vr_device_9080', 'sensor_type': 'haptic', 'timestamp': '2025-07-28T11:31:23.225934+00:00'}], 'timestamp': '2025-07-28T11:31:23.225934+00:00', 'user_profile': {'experience_level': 'expert', 'eye_movement_speed': 1.8312190425177968, 'hand_dominance': 'left', 'head_movement_pattern': 'moderate', 'play_style': 'passive', 'user_id': 'user_57328'}}, 'session_info': {'packets_sent': 60, 'session_id': 'session_1753702223', 'start_time': '2025-07-28T11:30:23.054450+00:00'}}",True
2025-07-28T11:31:29.224761+00:00,device,"{'baseline_established': True, 'baseline_info': {'established_at': '2025-07-28T11:31:12.973200+00:00', 'training_samples': 50}, 'buffer_size': 65, 'consent_status': True, 'device_id': 'vr_device_9080', 'is_trained': True, 'metrics': {'anomalies_detected': 3, 'false_positives': 0, 'packets_processed': 65, 'processing_time_avg': 0.00433045167189378, 'threats_blocked': 0}, 'threat_history_size': 6}","{'buffer_size': 65, 'current_data': {'device_info': {'battery_level': 56, 'device_id': 'vr_device_9080', 'device_type': 'vr_headset', 'firmware_version': '1.2.3'}, 'packet_id': 'pkt_1753702288384_4939', 'sensors': [{'data': {'magnitude': 0, 'x': -0.148, 'y': -0.0378, 'z': 9.8856}, 'device_id': 'vr_device_9080', 'sensor_type': 'accelerometer', 'timestamp': '2025-07-28T11:31:28.384843+00:00'}, {'data': {'pitch': -0.473, 'roll': 0.9838, 'yaw': -0.8432}, 'device_id': 'vr_device_9080', 'sensor_type': 'gyroscope', 'timestamp': '2025-07-28T11:31:28.384843+00:00'}, {'data': {'blink_rate': 25, 'fixation_duration': 522, 'gaze_x': 0.7831676578336455, 'gaze_y': 0.1749869940526652, 'pupil_diameter_left': 4.27, 'pupil_diameter_right': 4.71}, 'device_id': 'vr_device_9080', 'sensor_type': 'eye_tracking', 'timestamp': '2025-07-28T11:31:28.384843+00:00'}, {'data': {'position': {'x': -0.1742, 'y': 1.7464, 'z': -0.1117}, 'rotation': {'pitch': -5.76, 'roll': -1.77, 'yaw': -15.15}}, 'device_id': 'vr_device_9080', 'sensor_type': 'head_tracking', 'timestamp': '2025-07-28T11:31:28.384843+00:00'}, {'data': {'force_feedback': {'left_hand': 0.438, 'right_hand': 0.954}, 'tactile_intensity': 0.735, 'temperature': 22.4, 'vibration_pattern': 'wave'}, 'device_id': 'vr_device_9080', 'sensor_type': 'haptic', 'timestamp': '2025-07-28T11:31:28.384843+00:00'}], 'timestamp': '2025-07-28T11:31:28.384843+00:00', 'user_profile': {'experience_level': 'expert', 'eye_movement_speed': 1.8312190425177968, 'hand_dominance': 'left', 'head_movement_pattern': 'moderate', 'play_style': 'passive', 'user_id': 'user_57328'}}, 'session_info': {'packets_sent': 65, 'session_id': 'session_1753702223', 'start_time': '2025-07-28T11:30:23.054450+00:00'}}",True
2025-07-28T11:31:34.254927+00:00,device,"{'baseline_established': True, 'baseline_info': {'established_at': '2025-07-28T11:31:12.973200+00:00', 'training_samples': 50}, 'buffer_size': 70, 'consent_status': True, 'device_id': 'vr_device_9080', 'is_trained': True, 'metrics': {'anomalies_detected': 4, 'false_positives': 0, 'packets_processed': 70, 'processing_time_avg': 0.004517333848135812, 'threats_blocked': 0}, 'threat_history_size': 8}","{'buffer_size': 70, 'current_data': {'device_info': {'battery_level': 60, 'device_id': 'vr_device_9080', 'device_type': 'vr_headset', 'firmware_version': '1.2.3'}, 'packet_id': 'pkt_1753702293527_5489', 'sensors': [{'data': {'magnitude': 0, 'x': -0.1474, 'y': 0.0443, 'z': 9.5642}, 'device_id': 'vr_device_9080', 'sensor_type': 'accelerometer', 'timestamp': '2025-07-28T11:31:33.527572+00:00'}, {'data': {'pitch': 2.0161, 'roll': 0.5241, 'yaw': -0.3026}, 'device_id': 'vr_device_9080', 'sensor_type': 'gyroscope', 'timestamp': '2025-07-28T11:31:33.527572+00:00'}, {'data': {'blink_rate': 25, 'fixation_duration': 234, 'gaze_x': 0.27715864457375095, 'gaze_y': 0.6434137533166558, 'pupil_diameter_left': 5.0, 'pupil_diameter_right': 2.72}, 'device_id': 'vr_device_9080', 'sensor_type': 'eye_tracking', 'timestamp': '2025-07-28T11:31:33.527572+00:00'}, {'data': {'position': {'x': 0.0722, 'y': 1.6511, 'z': 0.0576}, 'rotation': {'pitch': 11.12, 'roll': 0.76, 'yaw': -40.81}}, 'device_id': 'vr_device_9080', 'sensor_type': 'head_tracking', 'timestamp': '2025-07-28T11:31:33.527572+00:00'}, {'data': {'force_feedback': {'left_hand': 0.196, 'right_hand': 0.31}, 'tactile_intensity': 0.855, 'temperature': 21.3, 'vibration_pattern': 'wave'}, 'device_id': 'vr_device_9080', 'sensor_type': 'haptic', 'timestamp': '2025-07-28T11:31:33.527572+00:00'}], 'timestamp': '2025-07-28T11:31:33.527572+00:00', 'user_profile': {'experience_level': 'expert', 'eye_movement_speed': 1.8312190425177968, 'hand_dominance': 'left', 'head_movement_pattern': 'moderate', 'play_style': 'passive', 'user_id': 'user_57328'}}, 'session_info': {'packets_sent': 70, 'session_id': 'session_1753702223', 'start_time': '2025-07-28T11:30:23.054450+00:00'}}",True
2025-07-28T11:31:39.293156+00:00,device,"{'baseline_established': True, 'baseline_info': {'established_at': '2025-07-28T11:31:12.973200+00:00', 'training_samples': 50}, 'buffer_size': 75, 'consent_status': True, 'device_id': 'vr_device_9080', 'is_trained': True, 'metrics': {'anomalies_detected': 4, 'false_positives': 0, 'packets_processed': 75, 'processing_time_avg': 0.004611037572224934, 'threats_blocked': 0}, 'threat_history_size': 8}","{'buffer_size': 75, 'current_data': {'device_info': {'battery_level': 33, 'device_id': 'vr_device_9080', 'device_type': 'vr_headset', 'firmware_version': '1.2.3'}, 'packet_id': 'pkt_1753702298632_9413', 'sensors': [{'data': {'magnitude': 0, 'x': -0.4382, 'y': -0.1326, 'z': 10.3371}, 'device_id': 'vr_device_9080', 'sensor_type': 'accelerometer', 'timestamp': '2025-07-28T11:31:38.632734+00:00'}, {'data': {'pitch': 1.8747, 'roll': -0.5584, 'yaw': 0.9849}, 'device_id': 'vr_device_9080', 'sensor_type': 'gyroscope', 'timestamp': '2025-07-28T11:31:38.632734+00:00'}, {'data': {'blink_rate': 24, 'fixation_duration': 563, 'gaze_x': 0.17518878080502093, 'gaze_y': 0.44777277450838643, 'pupil_diameter_left': 3.89, 'pupil_diameter_right': 4.18}, 'device_id': 'vr_device_9080', 'sensor_type': 'eye_tracking', 'timestamp': '2025-07-28T11:31:38.632734+00:00'}, {'data': {'position': {'x': 0.0731, 'y': 1.6453, 'z': 0.1022}, 'rotation': {'pitch': 3.03, 'roll': 0.45, 'yaw': 10.31}}, 'device_id': 'vr_device_9080', 'sensor_type': 'head_tracking', 'timestamp': '2025-07-28T11:31:38.632734+00:00'}, {'data': {'force_feedback': {'left_hand': 0.658, 'right_hand': 0.839}, 'tactile_intensity': 0.193, 'temperature': 21.3, 'vibration_pattern': 'wave'}, 'device_id': 'vr_device_9080', 'sensor_type': 'haptic', 'timestamp': '2025-07-28T11:31:38.632734+00:00'}], 'timestamp': '2025-07-28T11:31:38.632734+00:00', 'user_profile': {'experience_level': 'expert', 'eye_movement_speed': 1.8312190425177968, 'hand_dominance': 'left', 'head_movement_pattern': 'moderate', 'play_style': 'passive', 'user_id': 'user_57328'}}, 'session_info': {'packets_sent': 75, 'session_id': 'session_1753702223', 'start_time': '2025-07-28T11:30:23.054450+00:00'}}",True
2025-07-28T11:31:44.334956+00:00,device,"{'baseline_established': True, 'baseline_info': {'established_at': '2025-07-28T11:31:12.973200+00:00', 'training_samples': 50}, 'buffer_size': 80, 'consent_status': True, 'device_id': 'vr_device_9080', 'is_trained': True, 'metrics': {'anomalies_detected': 4, 'false_positives': 0, 'packets_processed': 80, 'processing_time_avg': 0.004779058694839478, 'threats_blocked': 0}, 'threat_history_size': 8}","{'buffer_size': 80, 'current_data': {'device_info': {'battery_level': 26, 'device_id': 'vr_device_9080', 'device_type': 'vr_headset', 'firmware_version': '1.2.3'}, 'packet_id': 'pkt_1753702303751_5245', 'sensors': [{'data': {'magnitude': 0, 'x': -0.0347, 'y': -0.3779, 'z': 9.7722}, 'device_id': 'vr_device_9080', 'sensor_type': 'accelerometer', 'timestamp': '2025-07-28T11:31:43.751671+00:00'}, {'data': {'pitch': 1.3311, 'roll': 0.7313, 'yaw': 2.4324}, 'device_id': 'vr_device_9080', 'sensor_type': 'gyroscope', 'timestamp': '2025-07-28T11:31:43.751671+00:00'}, {'data': {'blink_rate': 25, 'fixation_duration': 394, 'gaze_x': 0.6516725046649854, 'gaze_y': 0.3862610544816919, 'pupil_diameter_left': 4.13, 'pupil_diameter_right': 4.9}, 'device_id': 'vr_device_9080', 'sensor_type': 'eye_tracking', 'timestamp': '2025-07-28T11:31:43.751671+00:00'}, {'data': {'position': {'x': 0.1184, 'y': 1.6704, 'z': 0.0047}, 'rotation': {'pitch': 12.26, 'roll': -3.36, 'yaw': 7.56}}, 'device_id': 'vr_device_9080', 'sensor_type': 'head_tracking', 'timestamp': '2025-07-28T11:31:43.751671+00:00'}, {'data': {'force_feedback': {'left_hand': 0.872, 'right_hand': 0.64}, 'tactile_intensity': 0.84, 'temperature': 18.7, 'vibration_pattern': 'wave'}, 'device_id': 'vr_device_9080', 'sensor_type': 'haptic', 'timestamp': '2025-07-28T11:31:43.751671+00:00'}], 'timestamp': '2025-07-28T11:31:43.751671+00:00', 'user_profile': {'experience_level': 'expert', 'eye_movement_speed': 1.8312190425177968, 'hand_dominance': 'left', 'head_movement_pattern': 'moderate', 'play_style': 'passive', 'user_id': 'user_57328'}}, 'session_info': {'packets_sent': 80, 'session_id': 'session_1753702223', 'start_time': '2025-07-28T11:30:23.054450+00:00'}}",True
2025-07-28T11:31:49.384048+00:00,device,"{'baseline_established': True, 'baseline_info': {'established_at': '2025-07-28T11:31:12.973200+00:00', 'training_samples': 50}, 'buffer_size': 85, 'consent_status': True, 'device_id': 'vr_device_9080', 'is_trained': True, 'metrics': {'anomalies_detected': 5, 'false_positives': 0, 'packets_processed': 85, 'processing_time_avg': 0.004895440269919003, 'threats_blocked': 0}, 'threat_history_size': 10}","{'buffer_size': 85, 'current_data': {'device_info': {'battery_level': 25, 'device_id': 'vr_device_9080', 'device_type': 'vr_headset', 'firmware_version': '1.2.3'}, 'packet_id': 'pkt_1753702308860_3127', 'sensors': [{'data': {'magnitude': 0, 'x': -0.1628, 'y': -0.4363, 'z': 9.8378}, 'device_id': 'vr_device_9080', 'sensor_type': 'accelerometer', 'timestamp': '2025-07-28T11:31:48.860477+00:00'}, {'data': {'pitch': 0.2578, 'roll': -1.1575, 'yaw': 3.1081}, 'device_id': 'vr_device_9080', 'sensor_type': 'gyroscope', 'timestamp': '2025-07-28T11:31:48.860477+00:00'}, {'data': {'blink_rate': 25, 'fixation_duration': 788, 'gaze_x': 0.8835840852404334, 'gaze_y': 0.5636712585737133, 'pupil_diameter_left': 4.11, 'pupil_diameter_right': 3.91}, 'device_id': 'vr_device_9080', 'sensor_type': 'eye_tracking', 'timestamp': '2025-07-28T11:31:48.860477+00:00'}, {'data': {'position': {'x': -0.0962, 'y': 1.6756, 'z': -0.132}, 'rotation': {'pitch': -1.95, 'roll': 3.95, 'yaw': 85.09}}, 'device_id': 'vr_device_9080', 'sensor_type': 'head_tracking', 'timestamp': '2025-07-28T11:31:48.860477+00:00'}, {'data': {'force_feedback': {'left_hand': 0.201, 'right_hand': 0.305}, 'tactile_intensity': 0.537, 'temperature': 18.4, 'vibration_pattern': 'wave'}, 'device_id': 'vr_device_9080', 'sensor_type': 'haptic', 'timestamp': '2025-07-28T11:31:48.860477+00:00'}], 'timestamp': '2025-07-28T11:31:48.860477+00:00', 'user_profile': {'experience_level': 'expert', 'eye_movement_speed': 1.8312190425177968, 'hand_dominance': 'left', 'head_movement_pattern': 'moderate', 'play_style': 'passive', 'user_id': 'user_57328'}}, 'session_info': {'packets_sent': 85, 'session_id': 'session_1753702223', 'start_time': '2025-07-28T11:30:23.054450+00:00'}}",True
2025-07-28T11:31:54.420164+00:00,device,"{'baseline_established': True, 'baseline_info': {'established_at': '2025-07-28T11:31:12.973200+00:00', 'training_samples': 50}, 'buffer_size': 90, 'consent_status': True, 'device_id': 'vr_device_9080', 'is_trained': True, 'metrics': {'anomalies_detected': 5, 'false_positives': 0, 'packets_processed': 90, 'processing_time_avg': 0.004924257596333821, 'threats_blocked': 0}, 'threat_history_size': 10}","{'buffer_size': 90, 'current_data': {'device_info': {'battery_level': 48, 'device_id': 'vr_device_9080', 'device_type': 'vr_headset', 'firmware_version': '1.2.3'}, 'packet_id': 'pkt_1753702313988_4362', 'sensors': [{'data': {'magnitude': 0, 'x': -0.2897, 'y': 0.4853, 'z': 9.5709}, 'device_id': 'vr_device_9080', 'sensor_type': 'accelerometer', 'timestamp': '2025-07-28T11:31:53.988815+00:00'}, {'data': {'pitch': -1.6099, 'roll': -0.3227, 'yaw': 0.9819}, 'device_id': 'vr_device_9080', 'sensor_type': 'gyroscope', 'timestamp': '2025-07-28T11:31:53.988815+00:00'}, {'data': {'blink_rate': 15, 'fixation_duration': 643, 'gaze_x': 0.16407461069101797, 'gaze_y': 0.3767339033717288, 'pupil_diameter_left': 3.64, 'pupil_diameter_right': 3.8}, 'device_id': 'vr_device_9080', 'sensor_type': 'eye_tracking', 'timestamp': '2025-07-28T11:31:53.988815+00:00'}, {'data': {'position': {'x': -0.1786, 'y': 1.6413, 'z': 0.1555}, 'rotation': {'pitch': -23.86, 'roll': -8.48, 'yaw': -8.57}}, 'device_id': 'vr_device_9080', 'sensor_type': 'head_tracking', 'timestamp': '2025-07-28T11:31:53.988815+00:00'}, {'data': {'force_feedback': {'left_hand': 0.838, 'right_hand': 0.624}, 'tactile_intensity': 0.293, 'temperature': 21.4, 'vibration_pattern': 'pulse'}, 'device_id': 'vr_device_9080', 'sensor_type': 'haptic', 'timestamp': '2025-07-28T11:31:53.988815+00:00'}], 'timestamp': '2025-07-28T11:31:53.988815+00:00', 'user_profile': {'experience_level': 'expert', 'eye_movement_speed': 1.8312190425177968, 'hand_dominance': 'left', 'head_movement_pattern': 'moderate', 'play_style': 'passive', 'user_id': 'user_57328'}}, 'session_info': {'packets_sent': 90, 'session_id': 'session_1753702223', 'start_time': '2025-07-28T11:30:23.054450+00:00'}}",True
2025-07-28T11:31:59.465909+00:00,device,"{'baseline_established': True, 'baseline_info': {'established_at': '2025-07-28T11:31:12.973200+00:00', 'training_samples': 50}, 'buffer_size': 95, 'consent_status': True, 'device_id': 'vr_device_9080', 'is_trained': True, 'metrics': {'anomalies_detected': 7, 'false_positives': 0, 'packets_processed': 95, 'processing_time_avg': 0.00507132379632247, 'threats_blocked': 0}, 'threat_history_size': 14}","{'buffer_size': 95, 'current_data': {'device_info': {'battery_level': 67, 'device_id': 'vr_device_9080', 'device_type': 'vr_headset', 'firmware_version': '1.2.3'}, 'packet_id': 'pkt_1753702319142_6974', 'sensors': [{'data': {'magnitude': 0, 'x': -0.0674, 'y': -0.1702, 'z': 9.9017}, 'device_id': 'vr_device_9080', 'sensor_type': 'accelerometer', 'timestamp': '2025-07-28T11:31:59.142565+00:00'}, {'data': {'pitch': -1.2626, 'roll': -0.7999, 'yaw': 0.3781}, 'device_id': 'vr_device_9080', 'sensor_type': 'gyroscope', 'timestamp': '2025-07-28T11:31:59.142565+00:00'}, {'data': {'blink_rate': 18, 'fixation_duration': 206, 'gaze_x': 0.0987761708812665, 'gaze_y': 0.14491982868923736, 'pupil_diameter_left': 4.63, 'pupil_diameter_right': 5.23}, 'device_id': 'vr_device_9080', 'sensor_type': 'eye_tracking', 'timestamp': '2025-07-28T11:31:59.142565+00:00'}, {'data': {'position': {'x': 0.1414, 'y': 1.6943, 'z': 0.0063}, 'rotation': {'pitch': 5.71, 'roll': -11.5, 'yaw': 17.85}}, 'device_id': 'vr_device_9080', 'sensor_type': 'head_tracking', 'timestamp': '2025-07-28T11:31:59.142565+00:00'}, {'data': {'force_feedback': {'left_hand': 0.081, 'right_hand': 0.02}, 'tactile_intensity': 0.388, 'temperature': 24.0, 'vibration_pattern': 'continuous'}, 'device_id': 'vr_device_9080', 'sensor_type': 'haptic', 'timestamp': '2025-07-28T11:31:59.142565+00:00'}], 'timestamp': '2025-07-28T11:31:59.142565+00:00', 'user_profile': {'experience_level': 'expert', 'eye_movement_speed': 1.8312190425177968, 'hand_dominance': 'left', 'head_movement_pattern': 'moderate', 'play_style': 'passive', 'user_id': 'user_57328'}}, 'session_info': {'packets_sent': 95, 'session_id': 'session_1753702223', 'start_time': '2025-07-28T11:30:23.054450+00:00'}}",True
2025-07-28T11:32:04.497778+00:00,device,"{'baseline_established': True, 'baseline_info': {'established_at': '2025-07-28T11:31:12.973200+00:00', 'training_samples': 50}, 'buffer_size': 100, 'consent_status': True, 'device_id': 'vr_device_9080', 'is_trained': True, 'metrics': {'anomalies_detected': 8, 'false_positives': 0, 'packets_processed': 100, 'processing_time_avg': 0.0051599907875061034, 'threats_blocked': 0}, 'threat_history_size': 16}","{'buffer_size': 100, 'current_data': {'device_info': {'battery_level': 42, 'device_id': 'vr_device_9080', 'device_type': 'vr_headset', 'firmware_version': '1.2.3'}, 'packet_id': 'pkt_1753702324270_6846', 'sensors': [{'data': {'magnitude': 0, 'x': -0.0711, 'y': -0.0358, 'z': 9.8534}, 'device_id': 'vr_device_9080', 'sensor_type': 'accelerometer', 'timestamp': '2025-07-28T11:32:04.270481+00:00'}, {'data': {'pitch': -0.1056, 'roll': 0.5637, 'yaw': -0.2415}, 'device_id': 'vr_device_9080', 'sensor_type': 'gyroscope', 'timestamp': '2025-07-28T11:32:04.270481+00:00'}, {'data': {'blink_rate': 16, 'fixation_duration': 557, 'gaze_x': 0.7008256551079861, 'gaze_y': 0.6727288470784504, 'pupil_diameter_left': 3.53, 'pupil_diameter_right': 3.46}, 'device_id': 'vr_device_9080', 'sensor_type': 'eye_tracking', 'timestamp': '2025-07-28T11:32:04.270481+00:00'}, {'data': {'position': {'x': -0.1422, 'y': 1.7035, 'z': 0.0889}, 'rotation': {'pitch': -0.17, 'roll': -1.98, 'yaw': -14.93}}, 'device_id': 'vr_device_9080', 'sensor_type': 'head_tracking', 'timestamp': '2025-07-28T11:32:04.270481+00:00'}, {'data': {'force_feedback': {'left_hand': 0.704, 'right_hand': 0.349}, 'tactile_intensity': 0.911, 'temperature': 18.9, 'vibration_pattern': 'pulse'}, 'device_id': 'vr_device_9080', 'sensor_type': 'haptic', 'timestamp': '2025-07-28T11:32:04.270481+00:00'}], 'timestamp': '2025-07-28T11:32:04.270481+00:00', 'user_profile': {'experience_level': 'expert', 'eye_movement_speed': 1.8312190425177968, 'hand_dominance': 'left', 'head_movement_pattern': 'moderate', 'play_style': 'passive', 'user_id': 'user_57328'}}, 'session_info': {'packets_sent': 100, 'session_id': 'session_1753702223', 'start_time': '2025-07-28T11:30:23.054450+00:00'}}",True
2025-07-28T11:32:09.529155+00:00,device,"{'baseline_established': True, 'baseline_info': {'established_at': '2025-07-28T11:31:12.973200+00:00', 'training_samples': 50}, 'buffer_size': 105, 'consent_status': True, 'device_id': 'vr_device_9080', 'is_trained': True, 'metrics': {'anomalies_detected': 10, 'false_positives': 0, 'packets_processed': 105, 'processing_time_avg': 0.005280769438970657, 'threats_blocked': 0}, 'threat_history_size': 20}","{'buffer_size': 100, 'current_data': {'device_info': {'battery_level': 81, 'device_id': 'vr_device_9080', 'device_type': 'vr_headset', 'firmware_version': '1.2.3'}, 'packet_id': 'pkt_1753702329403_9530', 'sensors': [{'data': {'magnitude': 0, 'x': -0.335, 'y': -0.5175, 'z': 9.7668}, 'device_id': 'vr_device_9080', 'sensor_type': 'accelerometer', 'timestamp': '2025-07-28T11:32:09.403037+00:00'}, {'data': {'pitch': -0.9035, 'roll': 0.2182, 'yaw': 2.5702}, 'device_id': 'vr_device_9080', 'sensor_type': 'gyroscope', 'timestamp': '2025-07-28T11:32:09.403037+00:00'}, {'data': {'blink_rate': 19, 'fixation_duration': 675, 'gaze_x': 0.27828586085498086, 'gaze_y': 0.4837528855172246, 'pupil_diameter_left': 4.87, 'pupil_diameter_right': 3.6}, 'device_id': 'vr_device_9080', 'sensor_type': 'eye_tracking', 'timestamp': '2025-07-28T11:32:09.403037+00:00'}, {'data': {'position': {'x': 0.0088, 'y': 1.6079, 'z': 0.2614}, 'rotation': {'pitch': 13.52, 'roll': 7.18, 'yaw': -64.99}}, 'device_id': 'vr_device_9080', 'sensor_type': 'head_tracking', 'timestamp': '2025-07-28T11:32:09.403037+00:00'}, {'data': {'force_feedback': {'left_hand': 0.755, 'right_hand': 0.488}, 'tactile_intensity': 0.461, 'temperature': 18.6, 'vibration_pattern': 'continuous'}, 'device_id': 'vr_device_9080', 'sensor_type': 'haptic', 'timestamp': '2025-07-28T11:32:09.403037+00:00'}], 'timestamp': '2025-07-28T11:32:09.403037+00:00', 'user_profile': {'experience_level': 'expert', 'eye_movement_speed': 1.8312190425177968, 'hand_dominance': 'left', 'head_movement_pattern': 'moderate', 'play_style': 'passive', 'user_id': 'user_57328'}}, 'session_info': {'packets_sent': 105, 'session_id': 'session_1753702223', 'start_time': '2025-07-28T11:30:23.054450+00:00'}}",True
2025-07-28T11:32:14.559945+00:00,device,"{'baseline_established': True, 'baseline_info': {'established_at': '2025-07-28T11:31:12.973200+00:00', 'training_samples': 50}, 'buffer_size': 110, 'consent_status': True, 'device_id': 'vr_device_9080', 'is_trained': True, 'metrics': {'anomalies_detected': 10, 'false_positives': 0, 'packets_processed': 110, 'processing_time_avg': 0.005298035795038397, 'threats_blocked': 0}, 'threat_history_size': 20}","{'buffer_size': 100, 'current_data': {'device_info': {'battery_level': 59, 'device_id': 'vr_device_9080', 'device_type': 'vr_headset', 'firmware_version': '1.2.3'}, 'packet_id': 'pkt_1753702334531_1486', 'sensors': [{'data': {'magnitude': 0, 'x': 0.1765, 'y': -0.1929, 'z': 9.3964}, 'device_id': 'vr_device_9080', 'sensor_type': 'accelerometer', 'timestamp': '2025-07-28T11:32:14.531582+00:00'}, {'data': {'pitch': 0.2025, 'roll': -0.345, 'yaw': -0.5939}, 'device_id': 'vr_device_9080', 'sensor_type': 'gyroscope', 'timestamp': '2025-07-28T11:32:14.531582+00:00'}, {'data': {'blink_rate': 20, 'fixation_duration': 526, 'gaze_x': 0.6065928627372483, 'gaze_y': 0.3377211527322959, 'pupil_diameter_left': 4.39, 'pupil_diameter_right': 3.92}, 'device_id': 'vr_device_9080', 'sensor_type': 'eye_tracking', 'timestamp': '2025-07-28T11:32:14.531582+00:00'}, {'data': {'position': {'x': 0.0608, 'y': 1.6046, 'z': -0.0034}, 'rotation': {'pitch': 14.51, 'roll': -6.17, 'yaw': 19.25}}, 'device_id': 'vr_device_9080', 'sensor_type': 'head_tracking', 'timestamp': '2025-07-28T11:32:14.531582+00:00'}, {'data': {'force_feedback': {'left_hand': 0.533, 'right_hand': 0.512}, 'tactile_intensity': 0.639, 'temperature': 21.9, 'vibration_pattern': 'wave'}, 'device_id': 'vr_device_9080', 'sensor_type': 'haptic', 'timestamp': '2025-07-28T11:32:14.531582+00:00'}], 'timestamp': '2025-07-28T11:32:14.531582+00:00', 'user_profile': {'experience_level': 'expert', 'eye_movement_speed': 1.8312190425177968, 'hand_dominance': 'left', 'head_movement_pattern': 'moderate', 'play_style': 'passive', 'user_id': 'user_57328'}}, 'session_info': {'packets_sent': 110, 'session_id': 'session_1753702223', 'start_time': '2025-07-28T11:30:23.054450+00:00'}}",True
2025-07-28T11:32:19.590522+00:00,device,"{'baseline_established': True, 'baseline_info': {'established_at': '2025-07-28T11:31:12.973200+00:00', 'training_samples': 50}, 'buffer_size': 114, 'consent_status': True, 'device_id': 'vr_device_9080', 'is_trained': True, 'metrics': {'anomalies_detected': 10, 'false_positives': 0, 'packets_processed': 114, 'processing_time_avg': 0.005301040515565036, 'threats_blocked': 0}, 'threat_history_size': 20}","{'buffer_size': 100, 'current_data': {'device_info': {'battery_level': 43, 'device_id': 'vr_device_9080', 'device_type': 'vr_headset', 'firmware_version': '1.2.3'}, 'packet_id': 'pkt_1753702338615_2149', 'sensors': [{'data': {'magnitude': 0, 'x': 0.4297, 'y': 0.2278, 'z': 9.506}, 'device_id': 'vr_device_9080', 'sensor_type': 'accelerometer', 'timestamp': '2025-07-28T11:32:18.615062+00:00'}, {'data': {'pitch': -0.7757, 'roll': 1.0452, 'yaw': 3.1219}, 'device_id': 'vr_device_9080', 'sensor_type': 'gyroscope', 'timestamp': '2025-07-28T11:32:18.615062+00:00'}, {'data': {'blink_rate': 23, 'fixation_duration': 698, 'gaze_x': 0.5359255942480523, 'gaze_y': 0.386474336937928, 'pupil_diameter_left': 3.39, 'pupil_diameter_right': 3.76}, 'device_id': 'vr_device_9080', 'sensor_type': 'eye_tracking', 'timestamp': '2025-07-28T11:32:18.615062+00:00'}, {'data': {'position': {'x': 0.0967, 'y': 1.6858, 'z': 0.0487}, 'rotation': {'pitch': 18.12, 'roll': -1.48, 'yaw': 5.55}}, 'device_id': 'vr_device_9080', 'sensor_type': 'head_tracking', 'timestamp': '2025-07-28T11:32:18.615062+00:00'}, {'data': {'force_feedback': {'left_hand': 0.831, 'right_hand': 0.906}, 'tactile_intensity': 0.386, 'temperature': 23.5, 'vibration_pattern': 'pulse'}, 'device_id': 'vr_device_9080', 'sensor_type': 'haptic', 'timestamp': '2025-07-28T11:32:18.615062+00:00'}], 'timestamp': '2025-07-28T11:32:18.615062+00:00', 'user_profile': {'experience_level': 'expert', 'eye_movement_speed': 1.8312190425177968, 'hand_dominance': 'left', 'head_movement_pattern': 'moderate', 'play_style': 'passive', 'user_id': 'user_57328'}}, 'session_info': {'packets_sent': 114, 'session_id': 'session_1753702223', 'start_time': '2025-07-28T11:30:23.054450+00:00'}}",True
2025-07-28T11:32:24.622783+00:00,device,"{'baseline_established': True, 'baseline_info': {'established_at': '2025-07-28T11:31:12.973200+00:00', 'training_samples': 50}, 'buffer_size': 119, 'consent_status': True, 'device_id': 'vr_device_9080', 'is_trained': True, 'metrics': {'anomalies_detected': 11, 'false_positives': 0, 'packets_processed': 119, 'processing_time_avg': 0.0054570927339441634, 'threats_blocked': 0}, 'threat_history_size': 22}","{'buffer_size': 100, 'current_data': {'device_info': {'battery_level': 25, 'device_id': 'vr_device_9080', 'device_type': 'vr_headset', 'firmware_version': '1.2.3'}, 'packet_id': 'pkt_1753702343775_1079', 'sensors': [{'data': {'magnitude': 0, 'x': 0.4061, 'y': 0.0038, 'z': 10.0906}, 'device_id': 'vr_device_9080', 'sensor_type': 'accelerometer', 'timestamp': '2025-07-28T11:32:23.774944+00:00'}, {'data': {'pitch': -1.3153, 'roll': -0.6302, 'yaw': 0.5882}, 'device_id': 'vr_device_9080', 'sensor_type': 'gyroscope', 'timestamp': '2025-07-28T11:32:23.774944+00:00'}, {'data': {'blink_rate': 23, 'fixation_duration': 742, 'gaze_x': 0.3483751725769877, 'gaze_y': 0.33193194573710466, 'pupil_diameter_left': 3.85, 'pupil_diameter_right': 3.29}, 'device_id': 'vr_device_9080', 'sensor_type': 'eye_tracking', 'timestamp': '2025-07-28T11:32:23.774944+00:00'}, {'data': {'position': {'x': -0.1662, 'y': 1.7517, 'z': 0.0008}, 'rotation': {'pitch': -0.07, 'roll': 7.54, 'yaw': -32.87}}, 'device_id': 'vr_device_9080', 'sensor_type': 'head_tracking', 'timestamp': '2025-07-28T11:32:23.774944+00:00'}, {'data': {'force_feedback': {'left_hand': 0.344, 'right_hand': 0.224}, 'tactile_intensity': 0.457, 'temperature': 23.4, 'vibration_pattern': 'continuous'}, 'device_id': 'vr_device_9080', 'sensor_type': 'haptic', 'timestamp': '2025-07-28T11:32:23.774944+00:00'}], 'timestamp': '2025-07-28T11:32:23.774944+00:00', 'user_profile': {'experience_level': 'expert', 'eye_movement_speed': 1.8312190425177968, 'hand_dominance': 'left', 'head_movement_pattern': 'moderate', 'play_style': 'passive', 'user_id': 'user_57328'}}, 'session_info': {'packets_sent': 119, 'session_id': 'session_1753702223', 'start_time': '2025-07-28T11:30:23.054450+00:00'}}",True
2025-07-28T11:32:29.655830+00:00,device,"{'baseline_established': True, 'baseline_info': {'established_at': '2025-07-28T11:31:12.973200+00:00', 'training_samples': 50}, 'buffer_size': 124, 'consent_status': True, 'device_id': 'vr_device_9080', 'is_trained': True, 'metrics': {'anomalies_detected': 13, 'false_positives': 0, 'packets_processed': 124, 'processing_time_avg': 0.005586131926505796, 'threats_blocked': 0}, 'threat_history_size': 26}","{'buffer_size': 100, 'current_data': {'device_info': {'battery_level': 24, 'device_id': 'vr_device_9080', 'device_type': 'vr_headset', 'firmware_version': '1.2.3'}, 'packet_id': 'pkt_1753702348913_7968', 'sensors': [{'data': {'magnitude': 0, 'x': 0.2764, 'y': 0.4475, 'z': 9.4719}, 'device_id': 'vr_device_9080', 'sensor_type': 'accelerometer', 'timestamp': '2025-07-28T11:32:28.913891+00:00'}, {'data': {'pitch': 0.1381, 'roll': 0.7204, 'yaw': 0.5503}, 'device_id': 'vr_device_9080', 'sensor_type': 'gyroscope', 'timestamp': '2025-07-28T11:32:28.913891+00:00'}, {'data': {'blink_rate': 21, 'fixation_duration': 718, 'gaze_x': 0.18968629650721325, 'gaze_y': 0.6401873638091401, 'pupil_diameter_left': 4.34, 'pupil_diameter_right': 4.04}, 'device_id': 'vr_device_9080', 'sensor_type': 'eye_tracking', 'timestamp': '2025-07-28T11:32:28.913891+00:00'}, {'data': {'position': {'x': -0.123, 'y': 1.7545, 'z': 0.2299}, 'rotation': {'pitch': -14.17, 'roll': 3.17, 'yaw': -9.11}}, 'device_id': 'vr_device_9080', 'sensor_type': 'head_tracking', 'timestamp': '2025-07-28T11:32:28.913891+00:00'}, {'data': {'force_feedback': {'left_hand': 0.837, 'right_hand': 0.828}, 'tactile_intensity': 0.129, 'temperature': 24.2, 'vibration_pattern': 'continuous'}, 'device_id': 'vr_device_9080', 'sensor_type': 'haptic', 'timestamp': '2025-07-28T11:32:28.913891+00:00'}], 'timestamp': '2025-07-28T11:32:28.913891+00:00', 'user_profile': {'experience_level': 'expert', 'eye_movement_speed': 1.8312190425177968, 'hand_dominance': 'left', 'head_movement_pattern': 'moderate', 'play_style': 'passive', 'user_id': 'user_57328'}}, 'session_info': {'packets_sent': 124, 'session_id': 'session_1753702223', 'start_time': '2025-07-28T11:30:23.054450+00:00'}}",True
2025-07-28T11:32:34.689997+00:00,device,"{'baseline_established': True, 'baseline_info': {'established_at': '2025-07-28T11:31:12.973200+00:00', 'training_samples': 50}, 'buffer_size': 129, 'consent_status': True, 'device_id': 'vr_device_9080', 'is_trained': True, 'metrics': {'anomalies_detected': 13, 'false_positives': 0, 'packets_processed': 129, 'processing_time_avg': 0.0055788764657900315, 'threats_blocked': 0}, 'threat_history_size': 26}","{'buffer_size': 100, 'current_data': {'device_info': {'battery_level': 93, 'device_id': 'vr_device_9080', 'device_type': 'vr_headset', 'firmware_version': '1.2.3'}, 'packet_id': 'pkt_1753702354035_8707', 'sensors': [{'data': {'magnitude': 0, 'x': 0.4898, 'y': 0.5219, 'z': 9.3751}, 'device_id': 'vr_device_9080', 'sensor_type': 'accelerometer', 'timestamp': '2025-07-28T11:32:34.035863+00:00'}, {'data': {'pitch': -2.0428, 'roll': -0.4218, 'yaw': -0.3226}, 'device_id': 'vr_device_9080', 'sensor_type': 'gyroscope', 'timestamp': '2025-07-28T11:32:34.035863+00:00'}, {'data': {'blink_rate': 23, 'fixation_duration': 751, 'gaze_x': 0.49754663908000935, 'gaze_y': 0.27121102219316373, 'pupil_diameter_left': 3.78, 'pupil_diameter_right': 3.06}, 'device_id': 'vr_device_9080', 'sensor_type': 'eye_tracking', 'timestamp': '2025-07-28T11:32:34.035863+00:00'}, {'data': {'position': {'x': -0.0379, 'y': 1.5722, 'z': -0.1388}, 'rotation': {'pitch': 18.23, 'roll': -4.69, 'yaw': 13.45}}, 'device_id': 'vr_device_9080', 'sensor_type': 'head_tracking', 'timestamp': '2025-07-28T11:32:34.035863+00:00'}, {'data': {'force_feedback': {'left_hand': 0.508, 'right_hand': 0.12}, 'tactile_intensity': 0.012, 'temperature': 25.3, 'vibration_pattern': 'wave'}, 'device_id': 'vr_device_9080', 'sensor_type': 'haptic', 'timestamp': '2025-07-28T11:32:34.035863+00:00'}], 'timestamp': '2025-07-28T11:32:34.035863+00:00', 'user_profile': {'experience_level': 'expert', 'eye_movement_speed': 1.8312190425177968, 'hand_dominance': 'left', 'head_movement_pattern': 'moderate', 'play_style': 'passive', 'user_id': 'user_57328'}}, 'session_info': {'packets_sent': 129, 'session_id': 'session_1753702223', 'start_time': '2025-07-28T11:30:23.054450+00:00'}}",True
2025-07-28T11:32:39.715531+00:00,device,"{'baseline_established': True, 'baseline_info': {'established_at': '2025-07-28T11:31:12.973200+00:00', 'training_samples': 50}, 'buffer_size': 134, 'consent_status': True, 'device_id': 'vr_device_9080', 'is_trained': True, 'metrics': {'anomalies_detected': 14, 'false_positives': 0, 'packets_processed': 134, 'processing_time_avg': 0.005706368987240008, 'threats_blocked': 0}, 'threat_history_size': 28}","{'buffer_size': 100, 'current_data': {'device_info': {'battery_level': 93, 'device_id': 'vr_device_9080', 'device_type': 'vr_headset', 'firmware_version': '1.2.3'}, 'packet_id': 'pkt_1753702359190_2605', 'sensors': [{'data': {'magnitude': 0, 'x': -0.0413, 'y': 0.0988, 'z': 10.1945}, 'device_id': 'vr_device_9080', 'sensor_type': 'accelerometer', 'timestamp': '2025-07-28T11:32:39.190059+00:00'}, {'data': {'pitch': 0.9959, 'roll': 1.159, 'yaw': 1.413}, 'device_id': 'vr_device_9080', 'sensor_type': 'gyroscope', 'timestamp': '2025-07-28T11:32:39.190059+00:00'}, {'data': {'blink_rate': 17, 'fixation_duration': 744, 'gaze_x': 0.36242815773541703, 'gaze_y': 0.15137642317101857, 'pupil_diameter_left': 3.34, 'pupil_diameter_right': 3.87}, 'device_id': 'vr_device_9080', 'sensor_type': 'eye_tracking', 'timestamp': '2025-07-28T11:32:39.190059+00:00'}, {'data': {'position': {'x': -0.0232, 'y': 1.7315, 'z': -0.0334}, 'rotation': {'pitch': 18.95, 'roll': -7.48, 'yaw': -32.48}}, 'device_id': 'vr_device_9080', 'sensor_type': 'head_tracking', 'timestamp': '2025-07-28T11:32:39.190059+00:00'}, {'data': {'force_feedback': {'left_hand': 0.271, 'right_hand': 0.482}, 'tactile_intensity': 0.614, 'temperature': 18.6, 'vibration_pattern': 'wave'}, 'device_id': 'vr_device_9080', 'sensor_type': 'haptic', 'timestamp': '2025-07-28T11:32:39.190059+00:00'}], 'timestamp': '2025-07-28T11:32:39.190059+00:00', 'user_profile': {'experience_level': 'expert', 'eye_movement_speed': 1.8312190425177968, 'hand_dominance': 'left', 'head_movement_pattern': 'moderate', 'play_style': 'passive', 'user_id': 'user_57328'}}, 'session_info': {'packets_sent': 134, 'session_id': 'session_1753702223', 'start_time': '2025-07-28T11:30:23.054450+00:00'}}",True
2025-07-28T11:32:44.750270+00:00,device,"{'baseline_established': True, 'baseline_info': {'established_at': '2025-07-28T11:31:12.973200+00:00', 'training_samples': 50}, 'buffer_size': 139, 'consent_status': True, 'device_id': 'vr_device_9080', 'is_trained': True, 'metrics': {'anomalies_detected': 14, 'false_positives': 0, 'packets_processed': 139, 'processing_time_avg': 0.005704598461123679, 'threats_blocked': 0}, 'threat_history_size': 28}","{'buffer_size': 100, 'current_data': {'device_info': {'battery_level': 36, 'device_id': 'vr_device_9080', 'device_type': 'vr_headset', 'firmware_version': '1.2.3'}, 'packet_id': 'pkt_1753702364284_3938', 'sensors': [{'data': {'magnitude': 0, 'x': 0.0991, 'y': 0.4848, 'z': 9.796}, 'device_id': 'vr_device_9080', 'sensor_type': 'accelerometer', 'timestamp': '2025-07-28T11:32:44.284074+00:00'}, {'data': {'pitch': 2.2929, 'roll': 0.382, 'yaw': -0.4572}, 'device_id': 'vr_device_9080', 'sensor_type': 'gyroscope', 'timestamp': '2025-07-28T11:32:44.284074+00:00'}, {'data': {'blink_rate': 17, 'fixation_duration': 794, 'gaze_x': 0.3903802682206109, 'gaze_y': 0.5134300707809459, 'pupil_diameter_left': 3.8, 'pupil_diameter_right': 3.42}, 'device_id': 'vr_device_9080', 'sensor_type': 'eye_tracking', 'timestamp': '2025-07-28T11:32:44.284074+00:00'}, {'data': {'position': {'x': 0.1, 'y': 1.7222, 'z': -0.0484}, 'rotation': {'pitch': 9.35, 'roll': -5.51, 'yaw': 32.51}}, 'device_id': 'vr_device_9080', 'sensor_type': 'head_tracking', 'timestamp': '2025-07-28T11:32:44.284074+00:00'}, {'data': {'force_feedback': {'left_hand': 0.336, 'right_hand': 0.136}, 'tactile_intensity': 0.486, 'temperature': 20.8, 'vibration_pattern': 'wave'}, 'device_id': 'vr_device_9080', 'sensor_type': 'haptic', 'timestamp': '2025-07-28T11:32:44.284074+00:00'}], 'timestamp': '2025-07-28T11:32:44.284074+00:00', 'user_profile': {'experience_level': 'expert', 'eye_movement_speed': 1.8312190425177968, 'hand_dominance': 'left', 'head_movement_pattern': 'moderate', 'play_style': 'passive', 'user_id': 'user_57328'}}, 'session_info': {'packets_sent': 139, 'session_id': 'session_1753702223', 'start_time': '2025-07-28T11:30:23.054450+00:00'}}",True
2025-07-28T11:32:49.788570+00:00,device,"{'baseline_established': True, 'baseline_info': {'established_at': '2025-07-28T11:31:12.973200+00:00', 'training_samples': 50}, 'buffer_size': 144, 'consent_status': True, 'device_id': 'vr_device_9080', 'is_trained': True, 'metrics': {'anomalies_detected': 15, 'false_positives': 0, 'packets_processed': 144, 'processing_time_avg': 0.005749997165468004, 'threats_blocked': 0}, 'threat_history_size': 30}","{'buffer_size': 100, 'current_data': {'device_info': {'battery_level': 66, 'device_id': 'vr_device_9080', 'device_type': 'vr_headset', 'firmware_version': '1.2.3'}, 'packet_id': 'pkt_1753702369409_3370', 'sensors': [{'data': {'magnitude': 0, 'x': 0.1285, 'y': 0.0457, 'z': 9.6379}, 'device_id': 'vr_device_9080', 'sensor_type': 'accelerometer', 'timestamp': '2025-07-28T11:32:49.408976+00:00'}, {'data': {'pitch': -0.9305, 'roll': 0.6464, 'yaw': -0.8345}, 'device_id': 'vr_device_9080', 'sensor_type': 'gyroscope', 'timestamp': '2025-07-28T11:32:49.408976+00:00'}, {'data': {'blink_rate': 21, 'fixation_duration': 437, 'gaze_x': 0.5295125116345544, 'gaze_y': 0.2456643234301367, 'pupil_diameter_left': 5.11, 'pupil_diameter_right': 3.92}, 'device_id': 'vr_device_9080', 'sensor_type': 'eye_tracking', 'timestamp': '2025-07-28T11:32:49.408976+00:00'}, {'data': {'position': {'x': -0.1091, 'y': 1.7139, 'z': 0.0774}, 'rotation': {'pitch': 10.79, 'roll': -0.11, 'yaw': 61.87}}, 'device_id': 'vr_device_9080', 'sensor_type': 'head_tracking', 'timestamp': '2025-07-28T11:32:49.408976+00:00'}, {'data': {'force_feedback': {'left_hand': 0.789, 'right_hand': 0.323}, 'tactile_intensity': 0.795, 'temperature': 21.8, 'vibration_pattern': 'continuous'}, 'device_id': 'vr_device_9080', 'sensor_type': 'haptic', 'timestamp': '2025-07-28T11:32:49.408976+00:00'}], 'timestamp': '2025-07-28T11:32:49.408976+00:00', 'user_profile': {'experience_level': 'expert', 'eye_movement_speed': 1.8312190425177968, 'hand_dominance': 'left', 'head_movement_pattern': 'moderate', 'play_style': 'passive', 'user_id': 'user_57328'}}, 'session_info': {'packets_sent': 144, 'session_id': 'session_1753702223', 'start_time': '2025-07-28T11:30:23.054450+00:00'}}",True
2025-07-28T11:32:54.825281+00:00,device,"{'baseline_established': True, 'baseline_info': {'established_at': '2025-07-28T11:31:12.973200+00:00', 'training_samples': 50}, 'buffer_size': 149, 'consent_status': True, 'device_id': 'vr_device_9080', 'is_trained': True, 'metrics': {'anomalies_detected': 16, 'false_positives': 0, 'packets_processed': 149, 'processing_time_avg': 0.0057800568190197014, 'threats_blocked': 0}, 'threat_history_size': 32}","{'buffer_size': 100, 'current_data': {'device_info': {'battery_level': 94, 'device_id': 'vr_device_9080', 'device_type': 'vr_headset', 'firmware_version': '1.2.3'}, 'packet_id': 'pkt_1753702374535_3027', 'sensors': [{'data': {'magnitude': 0, 'x': -0.3616, 'y': 0.289, 'z': 9.674}, 'device_id': 'vr_device_9080', 'sensor_type': 'accelerometer', 'timestamp': '2025-07-28T11:32:54.535910+00:00'}, {'data': {'pitch': 2.5044, 'roll': -0.4183, 'yaw': -0.3266}, 'device_id': 'vr_device_9080', 'sensor_type': 'gyroscope', 'timestamp': '2025-07-28T11:32:54.535910+00:00'}, {'data': {'blink_rate': 20, 'fixation_duration': 633, 'gaze_x': 0.8222748662066937, 'gaze_y': 0.8152629706654457, 'pupil_diameter_left': 3.7, 'pupil_diameter_right': 3.76}, 'device_id': 'vr_device_9080', 'sensor_type': 'eye_tracking', 'timestamp': '2025-07-28T11:32:54.535910+00:00'}, {'data': {'position': {'x': 0.0826, 'y': 1.6179, 'z': -0.0053}, 'rotation': {'pitch': 11.8, 'roll': 2.81, 'yaw': -23.9}}, 'device_id': 'vr_device_9080', 'sensor_type': 'head_tracking', 'timestamp': '2025-07-28T11:32:54.535910+00:00'}, {'data': {'force_feedback': {'left_hand': 0.622, 'right_hand': 0.253}, 'tactile_intensity': 0.68, 'temperature': 19.5, 'vibration_pattern': 'wave'}, 'device_id': 'vr_device_9080', 'sensor_type': 'haptic', 'timestamp': '2025-07-28T11:32:54.535910+00:00'}], 'timestamp': '2025-07-28T11:32:54.535910+00:00', 'user_profile': {'experience_level': 'expert', 'eye_movement_speed': 1.8312190425177968, 'hand_dominance': 'left', 'head_movement_pattern': 'moderate', 'play_style': 'passive', 'user_id': 'user_57328'}}, 'session_info': {'packets_sent': 149, 'session_id': 'session_1753702223', 'start_time': '2025-07-28T11:30:23.054450+00:00'}}",True
2025-07-28T11:32:59.859109+00:00,device,"{'baseline_established': True, 'baseline_info': {'established_at': '2025-07-28T11:31:12.973200+00:00', 'training_samples': 50}, 'buffer_size': 154, 'consent_status': True, 'device_id': 'vr_device_9080', 'is_trained': True, 'metrics': {'anomalies_detected': 17, 'false_positives': 0, 'packets_processed': 154, 'processing_time_avg': 0.005800762733855805, 'threats_blocked': 0}, 'threat_history_size': 34}","{'buffer_size': 100, 'current_data': {'device_info': {'battery_level': 62, 'device_id': 'vr_device_9080', 'device_type': 'vr_headset', 'firmware_version': '1.2.3'}, 'packet_id': 'pkt_1753702379660_3487', 'sensors': [{'data': {'magnitude': 0, 'x': -0.0203, 'y': 0.0336, 'z': 10.1124}, 'device_id': 'vr_device_9080', 'sensor_type': 'accelerometer', 'timestamp': '2025-07-28T11:32:59.660430+00:00'}, {'data': {'pitch': -1.8377, 'roll': -1.1277, 'yaw': -1.6572}, 'device_id': 'vr_device_9080', 'sensor_type': 'gyroscope', 'timestamp': '2025-07-28T11:32:59.660430+00:00'}, {'data': {'blink_rate': 16, 'fixation_duration': 437, 'gaze_x': 0.7133617941503316, 'gaze_y': 0.3382211875283086, 'pupil_diameter_left': 4.41, 'pupil_diameter_right': 3.2}, 'device_id': 'vr_device_9080', 'sensor_type': 'eye_tracking', 'timestamp': '2025-07-28T11:32:59.660430+00:00'}, {'data': {'position': {'x': 0.1262, 'y': 1.736, 'z': 0.0386}, 'rotation': {'pitch': 32.53, 'roll': 4.78, 'yaw': 22.64}}, 'device_id': 'vr_device_9080', 'sensor_type': 'head_tracking', 'timestamp': '2025-07-28T11:32:59.660430+00:00'}, {'data': {'force_feedback': {'left_hand': 0.186, 'right_hand': 0.572}, 'tactile_intensity': 0.461, 'temperature': 20.4, 'vibration_pattern': 'wave'}, 'device_id': 'vr_device_9080', 'sensor_type': 'haptic', 'timestamp': '2025-07-28T11:32:59.660430+00:00'}], 'timestamp': '2025-07-28T11:32:59.660430+00:00', 'user_profile': {'experience_level': 'expert', 'eye_movement_speed': 1.8312190425177968, 'hand_dominance': 'left', 'head_movement_pattern': 'moderate', 'play_style': 'passive', 'user_id': 'user_57328'}}, 'session_info': {'packets_sent': 154, 'session_id': 'session_1753702223', 'start_time': '2025-07-28T11:30:23.054450+00:00'}}",True
2025-07-28T11:33:04.892669+00:00,device,"{'baseline_established': True, 'baseline_info': {'established_at': '2025-07-28T11:31:12.973200+00:00', 'training_samples': 50}, 'buffer_size': 159, 'consent_status': True, 'device_id': 'vr_device_9080', 'is_trained': True, 'metrics': {'anomalies_detected': 19, 'false_positives': 0, 'packets_processed': 159, 'processing_time_avg': 0.005926711004485126, 'threats_blocked': 0}, 'threat_history_size': 38}","{'buffer_size': 100, 'current_data': {'device_info': {'battery_level': 21, 'device_id': 'vr_device_9080', 'device_type': 'vr_headset', 'firmware_version': '1.2.3'}, 'packet_id': 'pkt_1753702384820_5783', 'sensors': [{'data': {'magnitude': 0, 'x': 0.1784, 'y': -0.2729, 'z': 9.9422}, 'device_id': 'vr_device_9080', 'sensor_type': 'accelerometer', 'timestamp': '2025-07-28T11:33:04.820002+00:00'}, {'data': {'pitch': -0.0325, 'roll': 1.2831, 'yaw': -0.4069}, 'device_id': 'vr_device_9080', 'sensor_type': 'gyroscope', 'timestamp': '2025-07-28T11:33:04.820002+00:00'}, {'data': {'blink_rate': 22, 'fixation_duration': 752, 'gaze_x': 0.44195082236600447, 'gaze_y': 0.4328609517616139, 'pupil_diameter_left': 4.64, 'pupil_diameter_right': 4.19}, 'device_id': 'vr_device_9080', 'sensor_type': 'eye_tracking', 'timestamp': '2025-07-28T11:33:04.820002+00:00'}, {'data': {'position': {'x': -0.0705, 'y': 1.7816, 'z': -0.0951}, 'rotation': {'pitch': -3.71, 'roll': -4.5, 'yaw': -43.04}}, 'device_id': 'vr_device_9080', 'sensor_type': 'head_tracking', 'timestamp': '2025-07-28T11:33:04.820002+00:00'}, {'data': {'force_feedback': {'left_hand': 0.421, 'right_hand': 0.467}, 'tactile_intensity': 0.299, 'temperature': 21.7, 'vibration_pattern': 'pulse'}, 'device_id': 'vr_device_9080', 'sensor_type': 'haptic', 'timestamp': '2025-07-28T11:33:04.820002+00:00'}], 'timestamp': '2025-07-28T11:33:04.820002+00:00', 'user_profile': {'experience_level': 'expert', 'eye_movement_speed': 1.8312190425177968, 'hand_dominance': 'left', 'head_movement_pattern': 'moderate', 'play_style': 'passive', 'user_id': 'user_57328'}}, 'session_info': {'packets_sent': 159, 'session_id': 'session_1753702223', 'start_time': '2025-07-28T11:30:23.054450+00:00'}}",True
2025-07-28T11:33:09.930534+00:00,device,"{'baseline_established': True, 'baseline_info': {'established_at': '2025-07-28T11:31:12.973200+00:00', 'training_samples': 50}, 'buffer_size': 164, 'consent_status': True, 'device_id': 'vr_device_9080', 'is_trained': True, 'metrics': {'anomalies_detected': 19, 'false_positives': 0, 'packets_processed': 164, 'processing_time_avg': 0.0059278156699203895, 'threats_blocked': 0}, 'threat_history_size': 38}","{'buffer_size': 100, 'current_data': {'device_info': {'battery_level': 52, 'device_id': 'vr_device_9080', 'device_type': 'vr_headset', 'firmware_version': '1.2.3'}, 'packet_id': 'pkt_1753702389913_8803', 'sensors': [{'data': {'magnitude': 0, 'x': 0.0833, 'y': -0.4085, 'z': 9.5161}, 'device_id': 'vr_device_9080', 'sensor_type': 'accelerometer', 'timestamp': '2025-07-28T11:33:09.913466+00:00'}, {'data': {'pitch': -0.7947, 'roll': -0.8599, 'yaw': 0.9682}, 'device_id': 'vr_device_9080', 'sensor_type': 'gyroscope', 'timestamp': '2025-07-28T11:33:09.913466+00:00'}, {'data': {'blink_rate': 21, 'fixation_duration': 288, 'gaze_x': 0.6364791812349355, 'gaze_y': 0.2932614985504105, 'pupil_diameter_left': 4.0, 'pupil_diameter_right': 3.39}, 'device_id': 'vr_device_9080', 'sensor_type': 'eye_tracking', 'timestamp': '2025-07-28T11:33:09.913466+00:00'}, {'data': {'position': {'x': -0.0614, 'y': 1.7755, 'z': 0.0818}, 'rotation': {'pitch': 5.24, 'roll': 3.06, 'yaw': -32.2}}, 'device_id': 'vr_device_9080', 'sensor_type': 'head_tracking', 'timestamp': '2025-07-28T11:33:09.913466+00:00'}, {'data': {'force_feedback': {'left_hand': 0.439, 'right_hand': 0.574}, 'tactile_intensity': 0.989, 'temperature': 20.8, 'vibration_pattern': 'continuous'}, 'device_id': 'vr_device_9080', 'sensor_type': 'haptic', 'timestamp': '2025-07-28T11:33:09.913466+00:00'}], 'timestamp': '2025-07-28T11:33:09.913466+00:00', 'user_profile': {'experience_level': 'expert', 'eye_movement_speed': 1.8312190425177968, 'hand_dominance': 'left', 'head_movement_pattern': 'moderate', 'play_style': 'passive', 'user_id': 'user_57328'}}, 'session_info': {'packets_sent': 164, 'session_id': 'session_1753702223', 'start_time': '2025-07-28T11:30:23.054450+00:00'}}",True
2025-07-28T11:33:14.964960+00:00,device,"{'baseline_established': True, 'baseline_info': {'established_at': '2025-07-28T11:31:12.973200+00:00', 'training_samples': 50}, 'buffer_size': 168, 'consent_status': True, 'device_id': 'vr_device_9080', 'is_trained': True, 'metrics': {'anomalies_detected': 20, 'false_positives': 0, 'packets_processed': 168, 'processing_time_avg': 0.005957860322225664, 'threats_blocked': 0}, 'threat_history_size': 40}","{'buffer_size': 100, 'current_data': {'device_info': {'battery_level': 29, 'device_id': 'vr_device_9080', 'device_type': 'vr_headset', 'firmware_version': '1.2.3'}, 'packet_id': 'pkt_1753702394024_9337', 'sensors': [{'data': {'magnitude': 0, 'x': -0.0392, 'y': 0.1298, 'z': 10.1664}, 'device_id': 'vr_device_9080', 'sensor_type': 'accelerometer', 'timestamp': '2025-07-28T11:33:14.024047+00:00'}, {'data': {'pitch': 0.5719, 'roll': -0.4415, 'yaw': -0.5785}, 'device_id': 'vr_device_9080', 'sensor_type': 'gyroscope', 'timestamp': '2025-07-28T11:33:14.024047+00:00'}, {'data': {'blink_rate': 20, 'fixation_duration': 762, 'gaze_x': 0.3110113463115456, 'gaze_y': 0.4493216537722453, 'pupil_diameter_left': 4.55, 'pupil_diameter_right': 4.22}, 'device_id': 'vr_device_9080', 'sensor_type': 'eye_tracking', 'timestamp': '2025-07-28T11:33:14.024047+00:00'}, {'data': {'position': {'x': -0.0802, 'y': 1.7194, 'z': -0.1386}, 'rotation': {'pitch': -2.02, 'roll': -1.24, 'yaw': 9.9}}, 'device_id': 'vr_device_9080', 'sensor_type': 'head_tracking', 'timestamp': '2025-07-28T11:33:14.024047+00:00'}, {'data': {'force_feedback': {'left_hand': 0.137, 'right_hand': 0.668}, 'tactile_intensity': 0.75, 'temperature': 19.9, 'vibration_pattern': 'wave'}, 'device_id': 'vr_device_9080', 'sensor_type': 'haptic', 'timestamp': '2025-07-28T11:33:14.024047+00:00'}], 'timestamp': '2025-07-28T11:33:14.024047+00:00', 'user_profile': {'experience_level': 'expert', 'eye_movement_speed': 1.8312190425177968, 'hand_dominance': 'left', 'head_movement_pattern': 'moderate', 'play_style': 'passive', 'user_id': 'user_57328'}}, 'session_info': {'packets_sent': 168, 'session_id': 'session_1753702223', 'start_time': '2025-07-28T11:30:23.054450+00:00'}}",True
2025-07-28T11:33:20.003156+00:00,device,"{'baseline_established': True, 'baseline_info': {'established_at': '2025-07-28T11:31:12.973200+00:00', 'training_samples': 50}, 'buffer_size': 173, 'consent_status': True, 'device_id': 'vr_device_9080', 'is_trained': True, 'metrics': {'anomalies_detected': 21, 'false_positives': 0, 'packets_processed': 173, 'processing_time_avg': 0.0059818821835380094, 'threats_blocked': 0}, 'threat_history_size': 42}","{'buffer_size': 100, 'current_data': {'device_info': {'battery_level': 98, 'device_id': 'vr_device_9080', 'device_type': 'vr_headset', 'firmware_version': '1.2.3'}, 'packet_id': 'pkt_1753702399128_7739', 'sensors': [{'data': {'magnitude': 0, 'x': 0.3877, 'y': 0.0381, 'z': 10.1792}, 'device_id': 'vr_device_9080', 'sensor_type': 'accelerometer', 'timestamp': '2025-07-28T11:33:19.128347+00:00'}, {'data': {'pitch': 0.6006, 'roll': 0.3382, 'yaw': -2.4751}, 'device_id': 'vr_device_9080', 'sensor_type': 'gyroscope', 'timestamp': '2025-07-28T11:33:19.128347+00:00'}, {'data': {'blink_rate': 24, 'fixation_duration': 463, 'gaze_x': 0.7142850258308994, 'gaze_y': 0.4853149503676364, 'pupil_diameter_left': 4.77, 'pupil_diameter_right': 4.29}, 'device_id': 'vr_device_9080', 'sensor_type': 'eye_tracking', 'timestamp': '2025-07-28T11:33:19.128347+00:00'}, {'data': {'position': {'x': 0.0018, 'y': 1.7682, 'z': 0.2003}, 'rotation': {'pitch': -27.79, 'roll': -1.55, 'yaw': -45.19}}, 'device_id': 'vr_device_9080', 'sensor_type': 'head_tracking', 'timestamp': '2025-07-28T11:33:19.128347+00:00'}, {'data': {'force_feedback': {'left_hand': 0.713, 'right_hand': 0.639}, 'tactile_intensity': 0.681, 'temperature': 20.9, 'vibration_pattern': 'pulse'}, 'device_id': 'vr_device_9080', 'sensor_type': 'haptic', 'timestamp': '2025-07-28T11:33:19.128347+00:00'}], 'timestamp': '2025-07-28T11:33:19.128347+00:00', 'user_profile': {'experience_level': 'expert', 'eye_movement_speed': 1.8312190425177968, 'hand_dominance': 'left', 'head_movement_pattern': 'moderate', 'play_style': 'passive', 'user_id': 'user_57328'}}, 'session_info': {'packets_sent': 173, 'session_id': 'session_1753702223', 'start_time': '2025-07-28T11:30:23.054450+00:00'}}",True
2025-07-28T11:33:25.041519+00:00,device,"{'baseline_established': True, 'baseline_info': {'established_at': '2025-07-28T11:31:12.973200+00:00', 'training_samples': 50}, 'buffer_size': 178, 'consent_status': True, 'device_id': 'vr_device_9080', 'is_trained': True, 'metrics': {'anomalies_detected': 23, 'false_positives': 0, 'packets_processed': 178, 'processing_time_avg': 0.00605321868082111, 'threats_blocked': 0}, 'threat_history_size': 46}","{'buffer_size': 100, 'current_data': {'device_info': {'battery_level': 82, 'device_id': 'vr_device_9080', 'device_type': 'vr_headset', 'firmware_version': '1.2.3'}, 'packet_id': 'pkt_1753702404305_2977', 'sensors': [{'data': {'magnitude': 0, 'x': -0.0375, 'y': -0.4808, 'z': 9.2964}, 'device_id': 'vr_device_9080', 'sensor_type': 'accelerometer', 'timestamp': '2025-07-28T11:33:24.305575+00:00'}, {'data': {'pitch': 1.8299, 'roll': -0.7308, 'yaw': -0.0559}, 'device_id': 'vr_device_9080', 'sensor_type': 'gyroscope', 'timestamp': '2025-07-28T11:33:24.305575+00:00'}, {'data': {'blink_rate': 18, 'fixation_duration': 705, 'gaze_x': 0.3745653666861848, 'gaze_y': 0.4680112650595741, 'pupil_diameter_left': 3.94, 'pupil_diameter_right': 4.23}, 'device_id': 'vr_device_9080', 'sensor_type': 'eye_tracking', 'timestamp': '2025-07-28T11:33:24.305575+00:00'}, {'data': {'position': {'x': -0.0045, 'y': 1.6529, 'z': -0.0054}, 'rotation': {'pitch': -13.75, 'roll': 7.51, 'yaw': -19.02}}, 'device_id': 'vr_device_9080', 'sensor_type': 'head_tracking', 'timestamp': '2025-07-28T11:33:24.305575+00:00'}, {'data': {'force_feedback': {'left_hand': 0.189, 'right_hand': 0.068}, 'tactile_intensity': 0.9, 'temperature': 23.6, 'vibration_pattern': 'pulse'}, 'device_id': 'vr_device_9080', 'sensor_type': 'haptic', 'timestamp': '2025-07-28T11:33:24.305575+00:00'}], 'timestamp': '2025-07-28T11:33:24.305575+00:00', 'user_profile': {'experience_level': 'expert', 'eye_movement_speed': 1.8312190425177968, 'hand_dominance': 'left', 'head_movement_pattern': 'moderate', 'play_style': 'passive', 'user_id': 'user_57328'}}, 'session_info': {'packets_sent': 178, 'session_id': 'session_1753702223', 'start_time': '2025-07-28T11:30:23.054450+00:00'}}",True
2025-07-28T11:33:30.075260+00:00,device,"{'baseline_established': True, 'baseline_info': {'established_at': '2025-07-28T11:31:12.973200+00:00', 'training_samples': 50}, 'buffer_size': 183, 'consent_status': True, 'device_id': 'vr_device_9080', 'is_trained': True, 'metrics': {'anomalies_detected': 24, 'false_positives': 0, 'packets_processed': 183, 'processing_time_avg': 0.006062710871461965, 'threats_blocked': 0}, 'threat_history_size': 48}","{'buffer_size': 100, 'current_data': {'device_info': {'battery_level': 94, 'device_id': 'vr_device_9080', 'device_type': 'vr_headset', 'firmware_version': '1.2.3'}, 'packet_id': 'pkt_1753702409503_7395', 'sensors': [{'data': {'magnitude': 0, 'x': 0.3276, 'y': 0.3006, 'z': 9.8269}, 'device_id': 'vr_device_9080', 'sensor_type': 'accelerometer', 'timestamp': '2025-07-28T11:33:29.503605+00:00'}, {'data': {'pitch': 2.3741, 'roll': -0.2141, 'yaw': -0.6963}, 'device_id': 'vr_device_9080', 'sensor_type': 'gyroscope', 'timestamp': '2025-07-28T11:33:29.503605+00:00'}, {'data': {'blink_rate': 24, 'fixation_duration': 529, 'gaze_x': 0.5275376083111196, 'gaze_y': 0.6399334249662025, 'pupil_diameter_left': 3.85, 'pupil_diameter_right': 3.61}, 'device_id': 'vr_device_9080', 'sensor_type': 'eye_tracking', 'timestamp': '2025-07-28T11:33:29.503605+00:00'}, {'data': {'position': {'x': -0.2449, 'y': 1.6967, 'z': 0.033}, 'rotation': {'pitch': 5.47, 'roll': 1.79, 'yaw': -26.2}}, 'device_id': 'vr_device_9080', 'sensor_type': 'head_tracking', 'timestamp': '2025-07-28T11:33:29.503605+00:00'}, {'data': {'force_feedback': {'left_hand': 0.226, 'right_hand': 0.472}, 'tactile_intensity': 0.906, 'temperature': 23.7, 'vibration_pattern': 'continuous'}, 'device_id': 'vr_device_9080', 'sensor_type': 'haptic', 'timestamp': '2025-07-28T11:33:29.503605+00:00'}], 'timestamp': '2025-07-28T11:33:29.503605+00:00', 'user_profile': {'experience_level': 'expert', 'eye_movement_speed': 1.8312190425177968, 'hand_dominance': 'left', 'head_movement_pattern': 'moderate', 'play_style': 'passive', 'user_id': 'user_57328'}}, 'session_info': {'packets_sent': 183, 'session_id': 'session_1753702223', 'start_time': '2025-07-28T11:30:23.054450+00:00'}}",True
2025-07-28T11:33:35.107868+00:00,device,"{'baseline_established': True, 'baseline_info': {'established_at': '2025-07-28T11:31:12.973200+00:00', 'training_samples': 50}, 'buffer_size': 188, 'consent_status': True, 'device_id': 'vr_device_9080', 'is_trained': True, 'metrics': {'anomalies_detected': 25, 'false_positives': 0, 'packets_processed': 188, 'processing_time_avg': 0.006118998882618358, 'threats_blocked': 0}, 'threat_history_size': 50}","{'buffer_size': 100, 'current_data': {'device_info': {'battery_level': 85, 'device_id': 'vr_device_9080', 'device_type': 'vr_headset', 'firmware_version': '1.2.3'}, 'packet_id': 'pkt_1753702414658_1596', 'sensors': [{'data': {'magnitude': 0, 'x': 0.2426, 'y': -0.2468, 'z': 9.4119}, 'device_id': 'vr_device_9080', 'sensor_type': 'accelerometer', 'timestamp': '2025-07-28T11:33:34.658664+00:00'}, {'data': {'pitch': 1.17, 'roll': 0.0925, 'yaw': -1.566}, 'device_id': 'vr_device_9080', 'sensor_type': 'gyroscope', 'timestamp': '2025-07-28T11:33:34.658664+00:00'}, {'data': {'blink_rate': 17, 'fixation_duration': 402, 'gaze_x': 0.56778256714939, 'gaze_y': 0.3523236007618275, 'pupil_diameter_left': 4.03, 'pupil_diameter_right': 4.05}, 'device_id': 'vr_device_9080', 'sensor_type': 'eye_tracking', 'timestamp': '2025-07-28T11:33:34.658664+00:00'}, {'data': {'position': {'x': -0.1757, 'y': 1.7365, 'z': -0.0709}, 'rotation': {'pitch': -8.2, 'roll': -1.47, 'yaw': -19.95}}, 'device_id': 'vr_device_9080', 'sensor_type': 'head_tracking', 'timestamp': '2025-07-28T11:33:34.658664+00:00'}, {'data': {'force_feedback': {'left_hand': 0.304, 'right_hand': 0.472}, 'tactile_intensity': 0.334, 'temperature': 22.0, 'vibration_pattern': 'continuous'}, 'device_id': 'vr_device_9080', 'sensor_type': 'haptic', 'timestamp': '2025-07-28T11:33:34.658664+00:00'}], 'timestamp': '2025-07-28T11:33:34.658664+00:00', 'user_profile': {'experience_level': 'expert', 'eye_movement_speed': 1.8312190425177968, 'hand_dominance': 'left', 'head_movement_pattern': 'moderate', 'play_style': 'passive', 'user_id': 'user_57328'}}, 'session_info': {'packets_sent': 188, 'session_id': 'session_1753702223', 'start_time': '2025-07-28T11:30:23.054450+00:00'}}",True
2025-07-28T11:33:40.141850+00:00,device,"{'baseline_established': True, 'baseline_info': {'established_at': '2025-07-28T11:31:12.973200+00:00', 'training_samples': 50}, 'buffer_size': 193, 'consent_status': True, 'device_id': 'vr_device_9080', 'is_trained': True, 'metrics': {'anomalies_detected': 25, 'false_positives': 0, 'packets_processed': 193, 'processing_time_avg': 0.006145404410485779, 'threats_blocked': 0}, 'threat_history_size': 50}","{'buffer_size': 100, 'current_data': {'device_info': {'battery_level': 53, 'device_id': 'vr_device_9080', 'device_type': 'vr_headset', 'firmware_version': '1.2.3'}, 'packet_id': 'pkt_1753702419753_6871', 'sensors': [{'data': {'magnitude': 0, 'x': -0.556, 'y': -0.007, 'z': 10.1107}, 'device_id': 'vr_device_9080', 'sensor_type': 'accelerometer', 'timestamp': '2025-07-28T11:33:39.753252+00:00'}, {'data': {'pitch': -0.1875, 'roll': -0.6167, 'yaw': -1.3824}, 'device_id': 'vr_device_9080', 'sensor_type': 'gyroscope', 'timestamp': '2025-07-28T11:33:39.753252+00:00'}, {'data': {'blink_rate': 21, 'fixation_duration': 564, 'gaze_x': 0.7053136900748432, 'gaze_y': 0.286602386217035, 'pupil_diameter_left': 4.69, 'pupil_diameter_right': 3.6}, 'device_id': 'vr_device_9080', 'sensor_type': 'eye_tracking', 'timestamp': '2025-07-28T11:33:39.753252+00:00'}, {'data': {'position': {'x': -0.0878, 'y': 1.7335, 'z': 0.005}, 'rotation': {'pitch': -15.85, 'roll': 0.17, 'yaw': 42.24}}, 'device_id': 'vr_device_9080', 'sensor_type': 'head_tracking', 'timestamp': '2025-07-28T11:33:39.753252+00:00'}, {'data': {'force_feedback': {'left_hand': 0.827, 'right_hand': 0.065}, 'tactile_intensity': 0.894, 'temperature': 22.3, 'vibration_pattern': 'wave'}, 'device_id': 'vr_device_9080', 'sensor_type': 'haptic', 'timestamp': '2025-07-28T11:33:39.753252+00:00'}], 'timestamp': '2025-07-28T11:33:39.753252+00:00', 'user_profile': {'experience_level': 'expert', 'eye_movement_speed': 1.8312190425177968, 'hand_dominance': 'left', 'head_movement_pattern': 'moderate', 'play_style': 'passive', 'user_id': 'user_57328'}}, 'session_info': {'packets_sent': 193, 'session_id': 'session_1753702223', 'start_time': '2025-07-28T11:30:23.054450+00:00'}}",True
