timestamp,layer,network_status,traffic_stats,collection_success
2025-07-28T11:30:23.791486+00:00,fog,"{'blocked_ips': [], 'device_assignments': {'vr_device_9080': 'guest'}, 'quarantined_devices': [], 'statistics': {'devices_quarantined': 0, 'packets_blocked': 0, 'packets_processed': 1, 'start_time': '2025-07-28T11:30:22.240245+00:00', 'threats_detected': 0}, 'vlans': {'guest': {'devices': ['vr_device_9080'], 'id': 102, 'subnet': '192.168.102.0/24'}, 'iot': {'devices': [], 'id': 101, 'subnet': '192.168.101.0/24'}, 'metaverse': {'devices': [], 'id': 100, 'subnet': '192.168.100.0/24'}}}","{'blocked_ips': [], 'packet_counters': {'192.168.100.253': {'count': 1, 'last_reset': 1753702223.0692084}}, 'rate_limits': {'connections_per_minute': 100, 'packets_per_second': 1000}, 'suspicious_patterns': 1}",True
2025-07-28T11:30:28.819422+00:00,fog,"{'blocked_ips': [], 'device_assignments': {'vr_device_9080': 'guest'}, 'quarantined_devices': [], 'statistics': {'devices_quarantined': 0, 'packets_blocked': 0, 'packets_processed': 6, 'start_time': '2025-07-28T11:30:22.240245+00:00', 'threats_detected': 0}, 'vlans': {'guest': {'devices': ['vr_device_9080'], 'id': 102, 'subnet': '192.168.102.0/24'}, 'iot': {'devices': [], 'id': 101, 'subnet': '192.168.101.0/24'}, 'metaverse': {'devices': [], 'id': 100, 'subnet': '192.168.100.0/24'}}}","{'blocked_ips': [], 'packet_counters': {'192.168.100.253': {'count': 1, 'last_reset': 1753702228.1410565}}, 'rate_limits': {'connections_per_minute': 100, 'packets_per_second': 1000}, 'suspicious_patterns': 6}",True
2025-07-28T11:30:33.850605+00:00,fog,"{'blocked_ips': [], 'device_assignments': {'vr_device_9080': 'guest'}, 'quarantined_devices': [], 'statistics': {'devices_quarantined': 0, 'packets_blocked': 0, 'packets_processed': 11, 'start_time': '2025-07-28T11:30:22.240245+00:00', 'threats_detected': 0}, 'vlans': {'guest': {'devices': ['vr_device_9080'], 'id': 102, 'subnet': '192.168.102.0/24'}, 'iot': {'devices': [], 'id': 101, 'subnet': '192.168.101.0/24'}, 'metaverse': {'devices': [], 'id': 100, 'subnet': '192.168.100.0/24'}}}","{'blocked_ips': [], 'packet_counters': {'192.168.100.253': {'count': 1, 'last_reset': 1753702233.209128}}, 'rate_limits': {'connections_per_minute': 100, 'packets_per_second': 1000}, 'suspicious_patterns': 11}",True
2025-07-28T11:30:38.882543+00:00,fog,"{'blocked_ips': [], 'device_assignments': {'vr_device_9080': 'guest'}, 'quarantined_devices': [], 'statistics': {'devices_quarantined': 0, 'packets_blocked': 0, 'packets_processed': 16, 'start_time': '2025-07-28T11:30:22.240245+00:00', 'threats_detected': 0}, 'vlans': {'guest': {'devices': ['vr_device_9080'], 'id': 102, 'subnet': '192.168.102.0/24'}, 'iot': {'devices': [], 'id': 101, 'subnet': '192.168.101.0/24'}, 'metaverse': {'devices': [], 'id': 100, 'subnet': '192.168.100.0/24'}}}","{'blocked_ips': [], 'packet_counters': {'192.168.100.253': {'count': 1, 'last_reset': 1753702238.2847142}}, 'rate_limits': {'connections_per_minute': 100, 'packets_per_second': 1000}, 'suspicious_patterns': 16}",True
2025-07-28T11:30:43.911868+00:00,fog,"{'blocked_ips': [], 'device_assignments': {'vr_device_9080': 'guest'}, 'quarantined_devices': [], 'statistics': {'devices_quarantined': 0, 'packets_blocked': 0, 'packets_processed': 21, 'start_time': '2025-07-28T11:30:22.240245+00:00', 'threats_detected': 0}, 'vlans': {'guest': {'devices': ['vr_device_9080'], 'id': 102, 'subnet': '192.168.102.0/24'}, 'iot': {'devices': [], 'id': 101, 'subnet': '192.168.101.0/24'}, 'metaverse': {'devices': [], 'id': 100, 'subnet': '192.168.100.0/24'}}}","{'blocked_ips': [], 'packet_counters': {'192.168.100.253': {'count': 1, 'last_reset': 1753702243.3588228}}, 'rate_limits': {'connections_per_minute': 100, 'packets_per_second': 1000}, 'suspicious_patterns': 21}",True
2025-07-28T11:30:48.945688+00:00,fog,"{'blocked_ips': [], 'device_assignments': {'vr_device_9080': 'guest'}, 'quarantined_devices': [], 'statistics': {'devices_quarantined': 0, 'packets_blocked': 0, 'packets_processed': 26, 'start_time': '2025-07-28T11:30:22.240245+00:00', 'threats_detected': 0}, 'vlans': {'guest': {'devices': ['vr_device_9080'], 'id': 102, 'subnet': '192.168.102.0/24'}, 'iot': {'devices': [], 'id': 101, 'subnet': '192.168.101.0/24'}, 'metaverse': {'devices': [], 'id': 100, 'subnet': '192.168.100.0/24'}}}","{'blocked_ips': [], 'packet_counters': {'192.168.100.253': {'count': 1, 'last_reset': 1753702248.4349668}}, 'rate_limits': {'connections_per_minute': 100, 'packets_per_second': 1000}, 'suspicious_patterns': 26}",True
2025-07-28T11:30:53.979470+00:00,fog,"{'blocked_ips': [], 'device_assignments': {'vr_device_9080': 'guest'}, 'quarantined_devices': [], 'statistics': {'devices_quarantined': 0, 'packets_blocked': 0, 'packets_processed': 31, 'start_time': '2025-07-28T11:30:22.240245+00:00', 'threats_detected': 0}, 'vlans': {'guest': {'devices': ['vr_device_9080'], 'id': 102, 'subnet': '192.168.102.0/24'}, 'iot': {'devices': [], 'id': 101, 'subnet': '192.168.101.0/24'}, 'metaverse': {'devices': [], 'id': 100, 'subnet': '192.168.100.0/24'}}}","{'blocked_ips': [], 'packet_counters': {'192.168.100.253': {'count': 1, 'last_reset': 1753702253.514064}}, 'rate_limits': {'connections_per_minute': 100, 'packets_per_second': 1000}, 'suspicious_patterns': 31}",True
2025-07-28T11:30:59.013342+00:00,fog,"{'blocked_ips': [], 'device_assignments': {'vr_device_9080': 'guest'}, 'quarantined_devices': [], 'statistics': {'devices_quarantined': 0, 'packets_blocked': 0, 'packets_processed': 36, 'start_time': '2025-07-28T11:30:22.240245+00:00', 'threats_detected': 0}, 'vlans': {'guest': {'devices': ['vr_device_9080'], 'id': 102, 'subnet': '192.168.102.0/24'}, 'iot': {'devices': [], 'id': 101, 'subnet': '192.168.101.0/24'}, 'metaverse': {'devices': [], 'id': 100, 'subnet': '192.168.100.0/24'}}}","{'blocked_ips': [], 'packet_counters': {'192.168.100.253': {'count': 1, 'last_reset': 1753702258.5896492}}, 'rate_limits': {'connections_per_minute': 100, 'packets_per_second': 1000}, 'suspicious_patterns': 36}",True
2025-07-28T11:31:04.046757+00:00,fog,"{'blocked_ips': [], 'device_assignments': {'vr_device_9080': 'guest'}, 'quarantined_devices': [], 'statistics': {'devices_quarantined': 0, 'packets_blocked': 0, 'packets_processed': 41, 'start_time': '2025-07-28T11:30:22.240245+00:00', 'threats_detected': 0}, 'vlans': {'guest': {'devices': ['vr_device_9080'], 'id': 102, 'subnet': '192.168.102.0/24'}, 'iot': {'devices': [], 'id': 101, 'subnet': '192.168.101.0/24'}, 'metaverse': {'devices': [], 'id': 100, 'subnet': '192.168.100.0/24'}}}","{'blocked_ips': [], 'packet_counters': {'192.168.100.253': {'count': 1, 'last_reset': 1753702263.682892}}, 'rate_limits': {'connections_per_minute': 100, 'packets_per_second': 1000}, 'suspicious_patterns': 41}",True
2025-07-28T11:31:09.083234+00:00,fog,"{'blocked_ips': [], 'device_assignments': {'vr_device_9080': 'guest'}, 'quarantined_devices': [], 'statistics': {'devices_quarantined': 0, 'packets_blocked': 0, 'packets_processed': 46, 'start_time': '2025-07-28T11:30:22.240245+00:00', 'threats_detected': 0}, 'vlans': {'guest': {'devices': ['vr_device_9080'], 'id': 102, 'subnet': '192.168.102.0/24'}, 'iot': {'devices': [], 'id': 101, 'subnet': '192.168.101.0/24'}, 'metaverse': {'devices': [], 'id': 100, 'subnet': '192.168.100.0/24'}}}","{'blocked_ips': [], 'packet_counters': {'192.168.100.253': {'count': 1, 'last_reset': 1753702268.7636228}}, 'rate_limits': {'connections_per_minute': 100, 'packets_per_second': 1000}, 'suspicious_patterns': 46}",True
2025-07-28T11:31:14.111186+00:00,fog,"{'blocked_ips': [], 'device_assignments': {'vr_device_9080': 'guest'}, 'quarantined_devices': [], 'statistics': {'devices_quarantined': 0, 'packets_blocked': 0, 'packets_processed': 51, 'start_time': '2025-07-28T11:30:22.240245+00:00', 'threats_detected': 0}, 'vlans': {'guest': {'devices': ['vr_device_9080'], 'id': 102, 'subnet': '192.168.102.0/24'}, 'iot': {'devices': [], 'id': 101, 'subnet': '192.168.101.0/24'}, 'metaverse': {'devices': [], 'id': 100, 'subnet': '192.168.100.0/24'}}}","{'blocked_ips': [], 'packet_counters': {'192.168.100.253': {'count': 1, 'last_reset': 1753702274.0061922}}, 'rate_limits': {'connections_per_minute': 100, 'packets_per_second': 1000}, 'suspicious_patterns': 51}",True
2025-07-28T11:31:19.149294+00:00,fog,"{'blocked_ips': [], 'device_assignments': {'vr_device_9080': 'guest'}, 'quarantined_devices': [], 'statistics': {'devices_quarantined': 0, 'packets_blocked': 0, 'packets_processed': 55, 'start_time': '2025-07-28T11:30:22.240245+00:00', 'threats_detected': 0}, 'vlans': {'guest': {'devices': ['vr_device_9080'], 'id': 102, 'subnet': '192.168.102.0/24'}, 'iot': {'devices': [], 'id': 101, 'subnet': '192.168.101.0/24'}, 'metaverse': {'devices': [], 'id': 100, 'subnet': '192.168.100.0/24'}}}","{'blocked_ips': [], 'packet_counters': {'192.168.100.253': {'count': 1, 'last_reset': 1753702278.1250575}}, 'rate_limits': {'connections_per_minute': 100, 'packets_per_second': 1000}, 'suspicious_patterns': 55}",True
2025-07-28T11:31:24.193132+00:00,fog,"{'blocked_ips': [], 'device_assignments': {'vr_device_9080': 'guest'}, 'quarantined_devices': [], 'statistics': {'devices_quarantined': 0, 'packets_blocked': 0, 'packets_processed': 60, 'start_time': '2025-07-28T11:30:22.240245+00:00', 'threats_detected': 0}, 'vlans': {'guest': {'devices': ['vr_device_9080'], 'id': 102, 'subnet': '192.168.102.0/24'}, 'iot': {'devices': [], 'id': 101, 'subnet': '192.168.101.0/24'}, 'metaverse': {'devices': [], 'id': 100, 'subnet': '192.168.100.0/24'}}}","{'blocked_ips': [], 'packet_counters': {'192.168.100.253': {'count': 1, 'last_reset': 1753702283.2367458}}, 'rate_limits': {'connections_per_minute': 100, 'packets_per_second': 1000}, 'suspicious_patterns': 60}",True
2025-07-28T11:31:29.234229+00:00,fog,"{'blocked_ips': [], 'device_assignments': {'vr_device_9080': 'guest'}, 'quarantined_devices': [], 'statistics': {'devices_quarantined': 0, 'packets_blocked': 0, 'packets_processed': 65, 'start_time': '2025-07-28T11:30:22.240245+00:00', 'threats_detected': 0}, 'vlans': {'guest': {'devices': ['vr_device_9080'], 'id': 102, 'subnet': '192.168.102.0/24'}, 'iot': {'devices': [], 'id': 101, 'subnet': '192.168.101.0/24'}, 'metaverse': {'devices': [], 'id': 100, 'subnet': '192.168.100.0/24'}}}","{'blocked_ips': [], 'packet_counters': {'192.168.100.253': {'count': 1, 'last_reset': 1753702288.3957117}}, 'rate_limits': {'connections_per_minute': 100, 'packets_per_second': 1000}, 'suspicious_patterns': 65}",True
2025-07-28T11:31:34.265065+00:00,fog,"{'blocked_ips': [], 'device_assignments': {'vr_device_9080': 'guest'}, 'quarantined_devices': [], 'statistics': {'devices_quarantined': 0, 'packets_blocked': 0, 'packets_processed': 70, 'start_time': '2025-07-28T11:30:22.240245+00:00', 'threats_detected': 0}, 'vlans': {'guest': {'devices': ['vr_device_9080'], 'id': 102, 'subnet': '192.168.102.0/24'}, 'iot': {'devices': [], 'id': 101, 'subnet': '192.168.101.0/24'}, 'metaverse': {'devices': [], 'id': 100, 'subnet': '192.168.100.0/24'}}}","{'blocked_ips': [], 'packet_counters': {'192.168.100.253': {'count': 1, 'last_reset': 1753702293.5378408}}, 'rate_limits': {'connections_per_minute': 100, 'packets_per_second': 1000}, 'suspicious_patterns': 70}",True
2025-07-28T11:31:39.300822+00:00,fog,"{'blocked_ips': [], 'device_assignments': {'vr_device_9080': 'guest'}, 'quarantined_devices': [], 'statistics': {'devices_quarantined': 0, 'packets_blocked': 0, 'packets_processed': 75, 'start_time': '2025-07-28T11:30:22.240245+00:00', 'threats_detected': 0}, 'vlans': {'guest': {'devices': ['vr_device_9080'], 'id': 102, 'subnet': '192.168.102.0/24'}, 'iot': {'devices': [], 'id': 101, 'subnet': '192.168.101.0/24'}, 'metaverse': {'devices': [], 'id': 100, 'subnet': '192.168.100.0/24'}}}","{'blocked_ips': [], 'packet_counters': {'192.168.100.253': {'count': 1, 'last_reset': 1753702298.6431744}}, 'rate_limits': {'connections_per_minute': 100, 'packets_per_second': 1000}, 'suspicious_patterns': 75}",True
2025-07-28T11:31:44.347070+00:00,fog,"{'blocked_ips': [], 'device_assignments': {'vr_device_9080': 'guest'}, 'quarantined_devices': [], 'statistics': {'devices_quarantined': 0, 'packets_blocked': 0, 'packets_processed': 80, 'start_time': '2025-07-28T11:30:22.240245+00:00', 'threats_detected': 0}, 'vlans': {'guest': {'devices': ['vr_device_9080'], 'id': 102, 'subnet': '192.168.102.0/24'}, 'iot': {'devices': [], 'id': 101, 'subnet': '192.168.101.0/24'}, 'metaverse': {'devices': [], 'id': 100, 'subnet': '192.168.100.0/24'}}}","{'blocked_ips': [], 'packet_counters': {'192.168.100.253': {'count': 1, 'last_reset': 1753702303.7643323}}, 'rate_limits': {'connections_per_minute': 100, 'packets_per_second': 1000}, 'suspicious_patterns': 80}",True
2025-07-28T11:31:49.392355+00:00,fog,"{'blocked_ips': [], 'device_assignments': {'vr_device_9080': 'guest'}, 'quarantined_devices': [], 'statistics': {'devices_quarantined': 0, 'packets_blocked': 0, 'packets_processed': 85, 'start_time': '2025-07-28T11:30:22.240245+00:00', 'threats_detected': 0}, 'vlans': {'guest': {'devices': ['vr_device_9080'], 'id': 102, 'subnet': '192.168.102.0/24'}, 'iot': {'devices': [], 'id': 101, 'subnet': '192.168.101.0/24'}, 'metaverse': {'devices': [], 'id': 100, 'subnet': '192.168.100.0/24'}}}","{'blocked_ips': [], 'packet_counters': {'192.168.100.253': {'count': 1, 'last_reset': 1753702308.8963127}}, 'rate_limits': {'connections_per_minute': 100, 'packets_per_second': 1000}, 'suspicious_patterns': 85}",True
2025-07-28T11:31:54.436738+00:00,fog,"{'blocked_ips': [], 'device_assignments': {'vr_device_9080': 'guest'}, 'quarantined_devices': [], 'statistics': {'devices_quarantined': 0, 'packets_blocked': 0, 'packets_processed': 90, 'start_time': '2025-07-28T11:30:22.240245+00:00', 'threats_detected': 0}, 'vlans': {'guest': {'devices': ['vr_device_9080'], 'id': 102, 'subnet': '192.168.102.0/24'}, 'iot': {'devices': [], 'id': 101, 'subnet': '192.168.101.0/24'}, 'metaverse': {'devices': [], 'id': 100, 'subnet': '192.168.100.0/24'}}}","{'blocked_ips': [], 'packet_counters': {'192.168.100.253': {'count': 1, 'last_reset': 1753702313.9988053}}, 'rate_limits': {'connections_per_minute': 100, 'packets_per_second': 1000}, 'suspicious_patterns': 90}",True
2025-07-28T11:31:59.473939+00:00,fog,"{'blocked_ips': [], 'device_assignments': {'vr_device_9080': 'guest'}, 'quarantined_devices': [], 'statistics': {'devices_quarantined': 0, 'packets_blocked': 0, 'packets_processed': 95, 'start_time': '2025-07-28T11:30:22.240245+00:00', 'threats_detected': 0}, 'vlans': {'guest': {'devices': ['vr_device_9080'], 'id': 102, 'subnet': '192.168.102.0/24'}, 'iot': {'devices': [], 'id': 101, 'subnet': '192.168.101.0/24'}, 'metaverse': {'devices': [], 'id': 100, 'subnet': '192.168.100.0/24'}}}","{'blocked_ips': [], 'packet_counters': {'192.168.100.253': {'count': 1, 'last_reset': 1753702319.1529593}}, 'rate_limits': {'connections_per_minute': 100, 'packets_per_second': 1000}, 'suspicious_patterns': 95}",True
2025-07-28T11:32:04.506577+00:00,fog,"{'blocked_ips': [], 'device_assignments': {'vr_device_9080': 'guest'}, 'quarantined_devices': [], 'statistics': {'devices_quarantined': 0, 'packets_blocked': 0, 'packets_processed': 100, 'start_time': '2025-07-28T11:30:22.240245+00:00', 'threats_detected': 0}, 'vlans': {'guest': {'devices': ['vr_device_9080'], 'id': 102, 'subnet': '192.168.102.0/24'}, 'iot': {'devices': [], 'id': 101, 'subnet': '192.168.101.0/24'}, 'metaverse': {'devices': [], 'id': 100, 'subnet': '192.168.100.0/24'}}}","{'blocked_ips': [], 'packet_counters': {'192.168.100.253': {'count': 1, 'last_reset': 1753702324.281366}}, 'rate_limits': {'connections_per_minute': 100, 'packets_per_second': 1000}, 'suspicious_patterns': 100}",True
2025-07-28T11:32:09.537568+00:00,fog,"{'blocked_ips': [], 'device_assignments': {'vr_device_9080': 'guest'}, 'quarantined_devices': [], 'statistics': {'devices_quarantined': 0, 'packets_blocked': 0, 'packets_processed': 105, 'start_time': '2025-07-28T11:30:22.240245+00:00', 'threats_detected': 0}, 'vlans': {'guest': {'devices': ['vr_device_9080'], 'id': 102, 'subnet': '192.168.102.0/24'}, 'iot': {'devices': [], 'id': 101, 'subnet': '192.168.101.0/24'}, 'metaverse': {'devices': [], 'id': 100, 'subnet': '192.168.100.0/24'}}}","{'blocked_ips': [], 'packet_counters': {'192.168.100.253': {'count': 1, 'last_reset': 1753702329.4371612}}, 'rate_limits': {'connections_per_minute': 100, 'packets_per_second': 1000}, 'suspicious_patterns': 105}",True
2025-07-28T11:32:14.567142+00:00,fog,"{'blocked_ips': [], 'device_assignments': {'vr_device_9080': 'guest'}, 'quarantined_devices': [], 'statistics': {'devices_quarantined': 0, 'packets_blocked': 0, 'packets_processed': 110, 'start_time': '2025-07-28T11:30:22.240245+00:00', 'threats_detected': 0}, 'vlans': {'guest': {'devices': ['vr_device_9080'], 'id': 102, 'subnet': '192.168.102.0/24'}, 'iot': {'devices': [], 'id': 101, 'subnet': '192.168.101.0/24'}, 'metaverse': {'devices': [], 'id': 100, 'subnet': '192.168.100.0/24'}}}","{'blocked_ips': [], 'packet_counters': {'192.168.100.253': {'count': 1, 'last_reset': 1753702334.5418382}}, 'rate_limits': {'connections_per_minute': 100, 'packets_per_second': 1000}, 'suspicious_patterns': 110}",True
2025-07-28T11:32:19.598847+00:00,fog,"{'blocked_ips': [], 'device_assignments': {'vr_device_9080': 'guest'}, 'quarantined_devices': [], 'statistics': {'devices_quarantined': 0, 'packets_blocked': 0, 'packets_processed': 114, 'start_time': '2025-07-28T11:30:22.240245+00:00', 'threats_detected': 0}, 'vlans': {'guest': {'devices': ['vr_device_9080'], 'id': 102, 'subnet': '192.168.102.0/24'}, 'iot': {'devices': [], 'id': 101, 'subnet': '192.168.101.0/24'}, 'metaverse': {'devices': [], 'id': 100, 'subnet': '192.168.100.0/24'}}}","{'blocked_ips': [], 'packet_counters': {'192.168.100.253': {'count': 1, 'last_reset': 1753702338.6253197}}, 'rate_limits': {'connections_per_minute': 100, 'packets_per_second': 1000}, 'suspicious_patterns': 114}",True
2025-07-28T11:32:24.630515+00:00,fog,"{'blocked_ips': [], 'device_assignments': {'vr_device_9080': 'guest'}, 'quarantined_devices': [], 'statistics': {'devices_quarantined': 0, 'packets_blocked': 0, 'packets_processed': 119, 'start_time': '2025-07-28T11:30:22.240245+00:00', 'threats_detected': 0}, 'vlans': {'guest': {'devices': ['vr_device_9080'], 'id': 102, 'subnet': '192.168.102.0/24'}, 'iot': {'devices': [], 'id': 101, 'subnet': '192.168.101.0/24'}, 'metaverse': {'devices': [], 'id': 100, 'subnet': '192.168.100.0/24'}}}","{'blocked_ips': [], 'packet_counters': {'192.168.100.253': {'count': 1, 'last_reset': 1753702343.7859368}}, 'rate_limits': {'connections_per_minute': 100, 'packets_per_second': 1000}, 'suspicious_patterns': 119}",True
2025-07-28T11:32:29.664059+00:00,fog,"{'blocked_ips': [], 'device_assignments': {'vr_device_9080': 'guest'}, 'quarantined_devices': [], 'statistics': {'devices_quarantined': 0, 'packets_blocked': 0, 'packets_processed': 124, 'start_time': '2025-07-28T11:30:22.240245+00:00', 'threats_detected': 0}, 'vlans': {'guest': {'devices': ['vr_device_9080'], 'id': 102, 'subnet': '192.168.102.0/24'}, 'iot': {'devices': [], 'id': 101, 'subnet': '192.168.101.0/24'}, 'metaverse': {'devices': [], 'id': 100, 'subnet': '192.168.100.0/24'}}}","{'blocked_ips': [], 'packet_counters': {'192.168.100.253': {'count': 1, 'last_reset': 1753702348.9462814}}, 'rate_limits': {'connections_per_minute': 100, 'packets_per_second': 1000}, 'suspicious_patterns': 124}",True
2025-07-28T11:32:34.698274+00:00,fog,"{'blocked_ips': [], 'device_assignments': {'vr_device_9080': 'guest'}, 'quarantined_devices': [], 'statistics': {'devices_quarantined': 0, 'packets_blocked': 0, 'packets_processed': 129, 'start_time': '2025-07-28T11:30:22.240245+00:00', 'threats_detected': 0}, 'vlans': {'guest': {'devices': ['vr_device_9080'], 'id': 102, 'subnet': '192.168.102.0/24'}, 'iot': {'devices': [], 'id': 101, 'subnet': '192.168.101.0/24'}, 'metaverse': {'devices': [], 'id': 100, 'subnet': '192.168.100.0/24'}}}","{'blocked_ips': [], 'packet_counters': {'192.168.100.253': {'count': 1, 'last_reset': 1753702354.0465736}}, 'rate_limits': {'connections_per_minute': 100, 'packets_per_second': 1000}, 'suspicious_patterns': 129}",True
2025-07-28T11:32:39.723884+00:00,fog,"{'blocked_ips': [], 'device_assignments': {'vr_device_9080': 'guest'}, 'quarantined_devices': [], 'statistics': {'devices_quarantined': 0, 'packets_blocked': 0, 'packets_processed': 134, 'start_time': '2025-07-28T11:30:22.240245+00:00', 'threats_detected': 0}, 'vlans': {'guest': {'devices': ['vr_device_9080'], 'id': 102, 'subnet': '192.168.102.0/24'}, 'iot': {'devices': [], 'id': 101, 'subnet': '192.168.101.0/24'}, 'metaverse': {'devices': [], 'id': 100, 'subnet': '192.168.100.0/24'}}}","{'blocked_ips': [], 'packet_counters': {'192.168.100.253': {'count': 1, 'last_reset': 1753702359.2001843}}, 'rate_limits': {'connections_per_minute': 100, 'packets_per_second': 1000}, 'suspicious_patterns': 134}",True
2025-07-28T11:32:44.761940+00:00,fog,"{'blocked_ips': [], 'device_assignments': {'vr_device_9080': 'guest'}, 'quarantined_devices': [], 'statistics': {'devices_quarantined': 0, 'packets_blocked': 0, 'packets_processed': 139, 'start_time': '2025-07-28T11:30:22.240245+00:00', 'threats_detected': 0}, 'vlans': {'guest': {'devices': ['vr_device_9080'], 'id': 102, 'subnet': '192.168.102.0/24'}, 'iot': {'devices': [], 'id': 101, 'subnet': '192.168.101.0/24'}, 'metaverse': {'devices': [], 'id': 100, 'subnet': '192.168.100.0/24'}}}","{'blocked_ips': [], 'packet_counters': {'192.168.100.253': {'count': 1, 'last_reset': 1753702364.2947202}}, 'rate_limits': {'connections_per_minute': 100, 'packets_per_second': 1000}, 'suspicious_patterns': 139}",True
2025-07-28T11:32:49.799452+00:00,fog,"{'blocked_ips': [], 'device_assignments': {'vr_device_9080': 'guest'}, 'quarantined_devices': [], 'statistics': {'devices_quarantined': 0, 'packets_blocked': 0, 'packets_processed': 144, 'start_time': '2025-07-28T11:30:22.240245+00:00', 'threats_detected': 0}, 'vlans': {'guest': {'devices': ['vr_device_9080'], 'id': 102, 'subnet': '192.168.102.0/24'}, 'iot': {'devices': [], 'id': 101, 'subnet': '192.168.101.0/24'}, 'metaverse': {'devices': [], 'id': 100, 'subnet': '192.168.100.0/24'}}}","{'blocked_ips': [], 'packet_counters': {'192.168.100.253': {'count': 1, 'last_reset': 1753702369.4190652}}, 'rate_limits': {'connections_per_minute': 100, 'packets_per_second': 1000}, 'suspicious_patterns': 144}",True
2025-07-28T11:32:54.834624+00:00,fog,"{'blocked_ips': [], 'device_assignments': {'vr_device_9080': 'guest'}, 'quarantined_devices': [], 'statistics': {'devices_quarantined': 0, 'packets_blocked': 0, 'packets_processed': 149, 'start_time': '2025-07-28T11:30:22.240245+00:00', 'threats_detected': 0}, 'vlans': {'guest': {'devices': ['vr_device_9080'], 'id': 102, 'subnet': '192.168.102.0/24'}, 'iot': {'devices': [], 'id': 101, 'subnet': '192.168.101.0/24'}, 'metaverse': {'devices': [], 'id': 100, 'subnet': '192.168.100.0/24'}}}","{'blocked_ips': [], 'packet_counters': {'192.168.100.253': {'count': 1, 'last_reset': 1753702374.5459516}}, 'rate_limits': {'connections_per_minute': 100, 'packets_per_second': 1000}, 'suspicious_patterns': 149}",True
2025-07-28T11:32:59.867379+00:00,fog,"{'blocked_ips': [], 'device_assignments': {'vr_device_9080': 'guest'}, 'quarantined_devices': [], 'statistics': {'devices_quarantined': 0, 'packets_blocked': 0, 'packets_processed': 154, 'start_time': '2025-07-28T11:30:22.240245+00:00', 'threats_detected': 0}, 'vlans': {'guest': {'devices': ['vr_device_9080'], 'id': 102, 'subnet': '192.168.102.0/24'}, 'iot': {'devices': [], 'id': 101, 'subnet': '192.168.101.0/24'}, 'metaverse': {'devices': [], 'id': 100, 'subnet': '192.168.100.0/24'}}}","{'blocked_ips': [], 'packet_counters': {'192.168.100.253': {'count': 1, 'last_reset': 1753702379.6704478}}, 'rate_limits': {'connections_per_minute': 100, 'packets_per_second': 1000}, 'suspicious_patterns': 154}",True
2025-07-28T11:33:04.909135+00:00,fog,"{'blocked_ips': [], 'device_assignments': {'vr_device_9080': 'guest'}, 'quarantined_devices': [], 'statistics': {'devices_quarantined': 0, 'packets_blocked': 0, 'packets_processed': 159, 'start_time': '2025-07-28T11:30:22.240245+00:00', 'threats_detected': 0}, 'vlans': {'guest': {'devices': ['vr_device_9080'], 'id': 102, 'subnet': '192.168.102.0/24'}, 'iot': {'devices': [], 'id': 101, 'subnet': '192.168.101.0/24'}, 'metaverse': {'devices': [], 'id': 100, 'subnet': '192.168.100.0/24'}}}","{'blocked_ips': [], 'packet_counters': {'192.168.100.253': {'count': 1, 'last_reset': 1753702384.8308988}}, 'rate_limits': {'connections_per_minute': 100, 'packets_per_second': 1000}, 'suspicious_patterns': 159}",True
2025-07-28T11:33:09.941161+00:00,fog,"{'blocked_ips': [], 'device_assignments': {'vr_device_9080': 'guest'}, 'quarantined_devices': [], 'statistics': {'devices_quarantined': 0, 'packets_blocked': 0, 'packets_processed': 163, 'start_time': '2025-07-28T11:30:22.240245+00:00', 'threats_detected': 0}, 'vlans': {'guest': {'devices': ['vr_device_9080'], 'id': 102, 'subnet': '192.168.102.0/24'}, 'iot': {'devices': [], 'id': 101, 'subnet': '192.168.101.0/24'}, 'metaverse': {'devices': [], 'id': 100, 'subnet': '192.168.100.0/24'}}}","{'blocked_ips': [], 'packet_counters': {'192.168.100.253': {'count': 1, 'last_reset': 1753702389.927614}}, 'rate_limits': {'connections_per_minute': 100, 'packets_per_second': 1000}, 'suspicious_patterns': 164}",True
2025-07-28T11:33:14.975108+00:00,fog,"{'blocked_ips': [], 'device_assignments': {'vr_device_9080': 'guest'}, 'quarantined_devices': [], 'statistics': {'devices_quarantined': 0, 'packets_blocked': 0, 'packets_processed': 168, 'start_time': '2025-07-28T11:30:22.240245+00:00', 'threats_detected': 0}, 'vlans': {'guest': {'devices': ['vr_device_9080'], 'id': 102, 'subnet': '192.168.102.0/24'}, 'iot': {'devices': [], 'id': 101, 'subnet': '192.168.101.0/24'}, 'metaverse': {'devices': [], 'id': 100, 'subnet': '192.168.100.0/24'}}}","{'blocked_ips': [], 'packet_counters': {'192.168.100.253': {'count': 1, 'last_reset': 1753702394.0344794}}, 'rate_limits': {'connections_per_minute': 100, 'packets_per_second': 1000}, 'suspicious_patterns': 168}",True
2025-07-28T11:33:20.014729+00:00,fog,"{'blocked_ips': [], 'device_assignments': {'vr_device_9080': 'guest'}, 'quarantined_devices': [], 'statistics': {'devices_quarantined': 0, 'packets_blocked': 0, 'packets_processed': 173, 'start_time': '2025-07-28T11:30:22.240245+00:00', 'threats_detected': 0}, 'vlans': {'guest': {'devices': ['vr_device_9080'], 'id': 102, 'subnet': '192.168.102.0/24'}, 'iot': {'devices': [], 'id': 101, 'subnet': '192.168.101.0/24'}, 'metaverse': {'devices': [], 'id': 100, 'subnet': '192.168.100.0/24'}}}","{'blocked_ips': [], 'packet_counters': {'192.168.100.253': {'count': 1, 'last_reset': 1753702399.1661627}}, 'rate_limits': {'connections_per_minute': 100, 'packets_per_second': 1000}, 'suspicious_patterns': 173}",True
2025-07-28T11:33:25.050315+00:00,fog,"{'blocked_ips': [], 'device_assignments': {'vr_device_9080': 'guest'}, 'quarantined_devices': [], 'statistics': {'devices_quarantined': 0, 'packets_blocked': 0, 'packets_processed': 178, 'start_time': '2025-07-28T11:30:22.240245+00:00', 'threats_detected': 0}, 'vlans': {'guest': {'devices': ['vr_device_9080'], 'id': 102, 'subnet': '192.168.102.0/24'}, 'iot': {'devices': [], 'id': 101, 'subnet': '192.168.101.0/24'}, 'metaverse': {'devices': [], 'id': 100, 'subnet': '192.168.100.0/24'}}}","{'blocked_ips': [], 'packet_counters': {'192.168.100.253': {'count': 1, 'last_reset': 1753702404.326222}}, 'rate_limits': {'connections_per_minute': 100, 'packets_per_second': 1000}, 'suspicious_patterns': 178}",True
2025-07-28T11:33:30.083439+00:00,fog,"{'blocked_ips': [], 'device_assignments': {'vr_device_9080': 'guest'}, 'quarantined_devices': [], 'statistics': {'devices_quarantined': 0, 'packets_blocked': 0, 'packets_processed': 183, 'start_time': '2025-07-28T11:30:22.240245+00:00', 'threats_detected': 0}, 'vlans': {'guest': {'devices': ['vr_device_9080'], 'id': 102, 'subnet': '192.168.102.0/24'}, 'iot': {'devices': [], 'id': 101, 'subnet': '192.168.101.0/24'}, 'metaverse': {'devices': [], 'id': 100, 'subnet': '192.168.100.0/24'}}}","{'blocked_ips': [], 'packet_counters': {'192.168.100.253': {'count': 1, 'last_reset': 1753702409.5150115}}, 'rate_limits': {'connections_per_minute': 100, 'packets_per_second': 1000}, 'suspicious_patterns': 183}",True
2025-07-28T11:33:35.117487+00:00,fog,"{'blocked_ips': [], 'device_assignments': {'vr_device_9080': 'guest'}, 'quarantined_devices': [], 'statistics': {'devices_quarantined': 0, 'packets_blocked': 0, 'packets_processed': 188, 'start_time': '2025-07-28T11:30:22.240245+00:00', 'threats_detected': 0}, 'vlans': {'guest': {'devices': ['vr_device_9080'], 'id': 102, 'subnet': '192.168.102.0/24'}, 'iot': {'devices': [], 'id': 101, 'subnet': '192.168.101.0/24'}, 'metaverse': {'devices': [], 'id': 100, 'subnet': '192.168.100.0/24'}}}","{'blocked_ips': [], 'packet_counters': {'192.168.100.253': {'count': 1, 'last_reset': 1753702414.66791}}, 'rate_limits': {'connections_per_minute': 100, 'packets_per_second': 1000}, 'suspicious_patterns': 188}",True
2025-07-28T11:33:40.154332+00:00,fog,"{'blocked_ips': [], 'device_assignments': {'vr_device_9080': 'guest'}, 'quarantined_devices': [], 'statistics': {'devices_quarantined': 0, 'packets_blocked': 0, 'packets_processed': 193, 'start_time': '2025-07-28T11:30:22.240245+00:00', 'threats_detected': 0}, 'vlans': {'guest': {'devices': ['vr_device_9080'], 'id': 102, 'subnet': '192.168.102.0/24'}, 'iot': {'devices': [], 'id': 101, 'subnet': '192.168.101.0/24'}, 'metaverse': {'devices': [], 'id': 100, 'subnet': '192.168.100.0/24'}}}","{'blocked_ips': [], 'packet_counters': {'192.168.100.253': {'count': 1, 'last_reset': 1753702419.7677274}}, 'rate_limits': {'connections_per_minute': 100, 'packets_per_second': 1000}, 'suspicious_patterns': 193}",True
